Trans. date,Post date,Description,Amount,Category
10/17/23,10/19/23,WALGREENS #10196 WAUWATOSA WI,$13.70,Merchandise
10/18/23,10/19/23,5-365 FOOD SERVICE TROY MI,$3.05,Restaurants
10/18/23,10/19/23,QUALITY HEATING AND SHEE BROOKFIELD WI,$79.65,Services
10/18/23,10/19/23,SOMMER'S INC. MEQUON WI649149,$114.59,Automotive
10/19/23,10/19/23,MILTOWN EATS LLC 4144349799 WI,$30.00,Supermarkets
10/19/23,10/19/23,PY *KETTLE RANGE MEAT CO MILWAUKEE WI,$37.90,Supermarkets
10/20/23,10/20/23,GILLES FROZEN CUSTARD MILWAUKEE WI,$47.69,Restaurants
10/20/23,10/20/23,PANERA BREAD #601550 O 262-834-9999 WIAPPLE PAY ENDING IN 7049994999411,$15.91,Restaurants
10/20/23,10/20/23,SENDIK'S WAUWATOSA WAUWATOSA WIAPPLE PAY ENDING IN 6300,$61.17,Supermarkets
10/20/23,10/23/23,U-HAUL CO WEST ALLIS WI,-$72.63,Payments and Credits
10/21/23,10/21/23,BUCKATABON TAVERN WAUWATOSA WI,$91.69,Restaurants
10/21/23,10/21/23,FIDDLEHEADS COFFEE ROAST WAUWATOSA WI,$12.93,Restaurants
10/22/23,10/22/23,APPLE.COM/US 800-676-2775 CAW1344816685A1,$41.15,Merchandise
10/22/23,10/22/23,SP THE REAL GOOD LIFE 2624215751 WI,$69.63,Restaurants
10/22/23,10/22/23,SSA - MILWAUKEE ZOO MILWAUKEE WI,$18.03,Services
10/22/23,10/22/23,THE BREWERY 414-272-1195 WIAPPLE PAY ENDING IN 7049,$44.81,Merchandise
10/24/23,10/24/23,5-365 FOOD SERVICE TROY MI,$2.89,Restaurants
10/24/23,10/24/23,AAA INSURANCE GW EFT 800-222-6424 MI,$510.10,Services
10/24/23,10/24/23,FIDDLEHEADS COFFEE - MEQ MEQUON WI,$10.36,Restaurants
10/24/23,10/24/23,PAYMENT - THANK YOU,"-$5,153.75",Payments and Credits
10/24/23,10/24/23,SQ *HIGHLANDS HONEY GOSQ.COM WI0002305843018666245948,$16.00,Supermarkets
10/25/23,10/25/23,PAYPAL *HULU 402-935-7733 CA,$8.43,Services
10/25/23,10/25/23,SCHOLASTIC BOOK FAIRS R4 LAKE MARY FL,$28.00,Education
10/25/23,10/25/23,SENDIK'S WAUWATOSA WAUWATOSA WIAPPLE PAY ENDING IN 6300,$15.15,Supermarkets
10/26/23,10/26/23,5-365 FOOD SERVICE TROY MI,$3.85,Restaurants
10/26/23,10/26/23,LS BENTLEYS PET STUFF 2245674700 WI,$16.86,Merchandise
10/26/23,10/26/23,MILTOWN EATS LLC 4144349799 WI,$50.00,Supermarkets
10/26/23,10/26/23,ORDER.NOODLES.COM 2122600895 CO,$39.61,Restaurants
10/26/23,10/26/23,PAYPAL *PEACOCKTVLL E4A 402-935-7733 CA,$1.04,Services
10/26/23,10/26/23,TST* SMOKIN JACKS BBQ MILWAUKEE WI00115883014350726585AA,$24.33,Restaurants
10/27/23,10/27/23,CULVERS OF WEST ALLIS WEST ALLIS WI,$16.73,Restaurants
10/27/23,10/27/23,EVERVET WAUWATOSA WI,$57.50,Services
10/27/23,10/27/23,SCHLOSSMAN HONDA CITY GREENFIELD WI,$161.42,Automotive
10/27/23,10/27/23,SP ROTHYS 4157376849 CA,$104.45,Merchandise
10/27/23,10/27/23,SQ *HAPPY BUDDHA BOUTI MILWAUKEE WI0002305843018687437310,$71.74,Supermarkets
10/27/23,10/27/23,SQ *JOY ICE CREAM SOCI WAUWATOSA WI0002305843018687570762,$12.74,Supermarkets
10/28/23,10/28/23,METCALFE MARKET TOSA WAUWATOSA WI,$36.09,Supermarkets
10/28/23,10/28/23,PY *KETTLE RANGE MEAT CO MILWAUKEE WI,$20.39,Supermarkets
10/28/23,10/28/23,RAY'S WINE AND SPIRITS WAUWATOSA WIAPPLE PAY ENDING IN 6300,$87.14,Merchandise
10/28/23,10/28/23,SQUARESPACE INC. 6465803456 NY,$12.00,Services
10/28/23,10/28/23,TST* CRANKY ALS WAUWATOSA WI00020123014387121872AA,$14.30,Restaurants
10/29/23,10/29/23,CAFE HOLLANDER W STATE WAUWATOSA WI,$67.00,Restaurants
10/29/23,10/29/23,SQ *MILWAUKEE FARMERS GOSQ.COM WI0002305843018704133282,$45.50,Supermarkets
10/30/23,10/30/23,RIGHT AT SCHOOL 8552872466 IL,$154.00,Education
10/30/23,10/30/23,SENDIK'S WAUWATOSA WAUWATOSA WIAPPLE PAY ENDING IN 6300,$25.25,Supermarkets
10/31/23,10/31/23,AAA ACG NE0069 EFT RCC 800-222-1134 MI,$103.00,Services
10/31/23,10/31/23,CENTRAL BARK-BROOKFIELD 262-781-5554 WI,$387.82,Services
10/31/23,10/31/23,CHICK-FIL-A #04377 MENOMONEE FALWI,$9.82,Restaurants
10/31/23,10/31/23,PAYPAL *CHEWY INC 402-935-7733 CA,$22.28,Merchandise
11/1/23,11/1/23,5-365 FOOD SERVICE TROY MI,$4.84,Restaurants
11/1/23,11/1/23,FETHERCLEAR CONSULTING 4144267782 WI,$1.06,Services
11/1/23,11/1/23,JIMMY JOHNS - 1100 - E GERMANTOWN WI,$71.71,Restaurants
11/1/23,11/1/23,PAYPAL *CHEWY INC 402-935-7733 CA,$137.18,Merchandise
11/2/23,11/2/23,5-365 FOOD SERVICE TROY MI,$3.60,Restaurants
11/2/23,11/2/23,CULVERS BROOKFIELD 2 BROOKFIELD WI,$30.15,Restaurants
11/2/23,11/2/23,MILTOWN EATS LLC 4144349799 WI,$50.00,Supermarkets
11/3/23,11/3/23,BL - OPEN HEARTH LODGE SISTER BAY WI,$139.08,Travel/ Entertainment
11/3/23,11/3/23,TST* YO MAMA - WAUWATO WAUWATOSA WIAPPLE PAY ENDING IN 630000042815014483911157AA,$16.05,Restaurants
11/4/23,11/4/23,SENDIK'S WAUWATOSA WAUWATOSA WIAPPLE PAY ENDING IN 6300,$48.74,Supermarkets
11/4/23,11/4/23,TST* HEIRLOOM MKE 262-229-1157 WIAPPLE PAY ENDING IN 704900143608014482029835AA,$89.38,Restaurants
11/5/23,11/5/23,CHIPOTLE ONLINE 949-524-4000 CA,$36.19,Restaurants
11/5/23,11/5/23,CULVERS BROOKFIELD 2 BROOKFIELD WI,$17.41,Restaurants
11/5/23,11/5/23,LS BENTLEYS PET STUFF 2245674700 WI,$71.19,Merchandise
11/5/23,11/5/23,SENDIK'S WAUWATOSA WAUWATOSA WIAPPLE PAY ENDING IN 6300,$12.14,Supermarkets
11/5/23,11/5/23,SP NOURISH NATURAL P 4142310955 WI,$42.20,Merchandise
11/5/23,11/5/23,SP ORO DI OLIVA 4143134665 WI,$31.20,Supermarkets
11/5/23,11/5/23,SQ *BIG WHITE YETI MILWAUKEE WI0002305843018747549236,$52.80,Supermarkets
11/5/23,11/5/23,TST* VALENTINE COFFEE MILWAUKEE WI00037690014522324366AA,$26.72,Restaurants
11/6/23,11/6/23,QUALITY HEATING AND SHEE BROOKFIELD WI,$175.89,Services
11/6/23,11/6/23,SQ *MILWAUKEE FARMERS GOSQ.COM WI0002305843018750612657,$43.00,Supermarkets
11/7/23,11/7/23,5-365 FOOD SERVICE TROY MI,$2.80,Restaurants
11/7/23,11/7/23,SP THE REAL GOOD LIFE 2624215751 WI,$104.93,Restaurants
11/8/23,11/8/23,5-365 FOOD SERVICE TROY MI,$2.80,Restaurants
11/8/23,11/8/23,CHIPOTLE ONLINE 949-524-4000 CA,$33.70,Restaurants
11/8/23,11/8/23,SALON MARIE LLC HALES CORNERSWI,$34.00,Services
11/9/23,11/9/23,5-365 FOOD SERVICE TROY MI,$5.41,Restaurants
11/9/23,11/9/23,LEGACY GYM MKE 262-989-6696 WI,$95.00,Travel/ Entertainment
11/9/23,11/9/23,MILTOWN EATS LLC 4144349799 WI,$50.00,Supermarkets
11/9/23,11/9/23,SOMERSET INN AND SUITES EPHRAIM WI,$462.50,Travel/ Entertainment
11/10/23,11/10/23,5-365 FOOD SERVICE TROY MI,$6.75,Restaurants
11/10/23,11/10/23,BOSWELL BOOK COMPANY MILWAUKEE WI,$24.48,Merchandise
11/10/23,11/10/23,CHICK-FIL-A #03252 2623730609 WIAPPLE PAY ENDING IN 7049,$18.25,Restaurants
11/11/23,11/11/23,5-365 FOOD SERVICE TROY MI,$6.26,Restaurants
11/11/23,11/11/23,PARKMOBILE 770-818-9036 WIAPPLE PAY ENDING IN 7049767020190,$2.00,Services
11/11/23,11/11/23,SQ *DEVOUR GLUTEN FREE OAK CREEK WI0002305843018780184960,$22.00,Merchandise
11/11/23,11/11/23,SQ *SOAP & SENSIBILITY OAK CREEK WI0002305843018780091555,$20.03,Merchandise
11/12/23,11/12/23,REI #60 BROOKFIELD BROOKFIELD WI4544190600010240,$39.36,Merchandise
11/13/23,11/13/23,SENDIK'S WAUWATOSA WAUWATOSA WIAPPLE PAY ENDING IN 6300,$24.19,Supermarkets
11/14/23,11/14/23,5-365 FOOD SERVICE TROY MI,$2.88,Restaurants
11/14/23,11/14/23,SULLYS SANDWICHES 4145301065 WI,$15.73,Restaurants
11/15/23,11/15/23,5-365 FOOD SERVICE TROY MI,$2.71,Restaurants
11/15/23,11/15/23,5-365 FOOD SERVICE TROY MI,$3.60,Restaurants
11/15/23,11/15/23,88NINE RADIO MILWAUKEE 4148927928 WI,$15.00,Services
11/15/23,11/15/23,RIGHT AT SCHOOL 8552872466 IL,$154.00,Education
11/16/23,11/16/23,5-365 FOOD SERVICE TROY MI,$2.98,Restaurants
11/16/23,11/16/23,MILTOWN EATS LLC 4144349799 WI,$50.00,Supermarkets
11/17/23,11/19/23,5-365 FOOD SERVICE TROY MI,$2.34,Restaurants
11/17/23,11/19/23,BADGER BURGER COMPANY BR 2623630990 WI,$63.11,Restaurants
11/18/23,11/19/23,5-365 FOOD SERVICE TROY MI,$4.11,Restaurants
11/19/23,11/19/23,APPLE.COM/BILL 866-712-7753 CA,$14.76,Merchandise
11/19/23,11/19/23,LEGACY GYM MKE 262-989-6696 WI,$12.00,Travel/ Entertainment
11/19/23,11/19/23,OLD NAVY US 3995 WAUWATOSA WI01912R,$46.41,Merchandise
11/19/23,11/19/23,TST* BB'S ON NORTH WAUWATOSA WI,$14.12,Restaurants
11/19/23,11/21/23,OLD NAVY US 3995 WAUWATOSA WI01978R,-$46.41,Payments and Credits
11/20/23,11/20/23,DAVESHOTCHICKEN 2122600895 WI,$39.41,Restaurants
11/20/23,11/20/23,SP LIQUID I.V. 8553864021 CAAPPLE PAY ENDING IN 7049,$69.97,Supermarkets
11/21/23,11/21/23,5-365 FOOD SERVICE TROY MI,$3.99,Restaurants
11/21/23,11/21/23,DISNEY PLUS 8889057888 CA,$147.69,Services
11/21/23,11/21/23,PP*LOVE YOUR FACE SKINCA WAUWATOSA WI,$216.00,Services
11/21/23,11/21/23,WDW TICKETS 407-828-5630 FLWALT DISNEY PARKS AND RESORTS R1147211,$185.31,Travel/ Entertainment
11/22/23,11/22/23,5-365 FOOD SERVICE TROY MI,$8.53,Restaurants
11/22/23,11/22/23,NOODLES & CO 223 WAUWATOSA WI,$33.81,Restaurants
11/22/23,11/22/23,SPECTRUM 855-707-7328 MORC807386179,$69.99,Services
11/24/23,11/24/23,CENTRAL BARK-BROOKFIELD 262-781-5554 WI,$378.36,Services
11/24/23,11/24/23,LS RUCKUS & GLEE 4143953201 WI,$176.40,Merchandise
11/24/23,11/24/23,OUTPOST NATURAL FOODS CO WAUWATOSA WI,$32.70,Supermarkets
11/24/23,11/24/23,OUTPOST NATURAL FOODS CO WAUWATOSA WI,$37.27,Supermarkets
11/25/23,11/25/23,PAYPAL *HULU 888-221-1161 CA,$8.43,Services
11/26/23,11/26/23,BAKEHOUSE 23 MKE SOUTH MILWAUKWI,$25.00,Merchandise
11/26/23,11/26/23,BOSWELL BOOK COMPANY MILWAUKEE WI,$59.06,Merchandise
11/26/23,11/26/23,PAYPAL *33F13 PREMIUM 888-221-1161 CA,$6.32,Services
11/26/23,11/26/23,PY *KETTLE RANGE MEAT CO MILWAUKEE WI,$37.98,Supermarkets
11/27/23,11/27/23,HALO BRANDED SOLUTIONS 815-548-9198 IL,$47.50,Services
11/27/23,11/27/23,PAYMENT - THANK YOU,"-$5,046.95",Payments and Credits
11/27/23,11/27/23,RIGHT AT SCHOOL 8552872466 IL,$154.00,Education
11/27/23,11/27/23,SQ *MILWAUKEE FARMERS GOSQ.COM WI0002305843018875573450,$42.50,Supermarkets
11/28/23,11/28/23,5-365 FOOD SERVICE TROY MI,$3.87,Restaurants
11/28/23,11/28/23,PEACOCK A44E3 PREMIUM NEW YORK NY,$21.09,Services
11/29/23,11/29/23,PY *KETTLE RANGE MEAT CO MILWAUKEE WI,$36.96,Supermarkets
11/29/23,11/29/23,WALGREENS #10196 WAUWATOSA WI,$60.43,Merchandise
11/30/23,11/30/23,5-365 FOOD SERVICE TROY MI,$4.82,Restaurants
11/30/23,11/30/23,MILTOWN EATS LLC 4144349799 WI,$50.00,Supermarkets
12/1/23,12/1/23,5-365 FOOD SERVICE TROY MI,$3.99,Restaurants
12/1/23,12/1/23,CULVERS OLO WAUKESHA 262-521-9339 WI,$24.85,Restaurants
12/1/23,12/1/23,SQ *JOY ICE CREAM SOCI WAUWATOSA WI0002305843018899022485,$19.41,Supermarkets
12/1/23,12/1/23,SQ *THE RUBY TAP WAUWATOSA WI0002305843018898496807,$65.41,Restaurants
12/1/23,12/1/23,TST* MISS MOLLYS CAFE 414-249-5665 WIAPPLE PAY ENDING IN 704900037390014902067155AA,$24.20,Restaurants
12/1/23,12/1/23,TST* MISS MOLLYS CAFE MILWAUKEE WI00037390014902258807AA,$180.00,Restaurants
12/2/23,12/2/23,5-365 FOOD SERVICE TROY MI,$1.01,Restaurants
12/2/23,12/2/23,CHICK-FIL-A #03576 OAK CREEK WI,$10.27,Restaurants
12/2/23,12/2/23,KETTLE RANGE MEAT COMPAN MILWAUKEE WI,$25.00,Supermarkets
12/2/23,12/2/23,SQ *HAPPY BUDDHA BOUTI MILWAUKEE WI0002305843018902575632,$21.10,Supermarkets
12/2/23,12/2/23,SQ *NOURISH NATURAL PR WAUWATOSA WI0002305843018902669008,$40.09,Services
12/3/23,12/3/23,LS BENTLEYS PET STUFF 2245674700 WI,$47.44,Merchandise
12/3/23,12/3/23,MARCUS BISTROPLEX SR ECO 800-274-0099 WI,$24.79,Travel/ Entertainment
12/3/23,12/3/23,MARCUS BISTROPLEX SR F&B GREENDALE WI,$25.21,Travel/ Entertainment
12/3/23,12/3/23,PTI*BUCKATABON 4153615564 UT,$137.21,Merchandise
12/3/23,12/3/23,SQ *STONE CREEK COFFEE WAUWATOSA WI0002305843018913639038,$15.16,Restaurants
12/3/23,12/3/23,SSA MILWAUKEE COUNTY ZOO MILWAUKEE WI,$37.00,Merchandise
12/3/23,12/3/23,UBER* TRIP 8665761039 CA,$5.00,Travel/ Entertainment
12/4/23,12/4/23,MICROSOFT#G033377924 MSBILL.INFO WA,$13.19,Merchandise
12/4/23,12/4/23,SOREL FOOTWEAR US OR ORAPPLE PAY ENDING IN 7049,$76.93,Merchandise
12/4/23,12/4/23,UBER TRIP 866-576-1039 CA,$5.00,Travel/ Entertainment
12/4/23,12/4/23,UBER TRIP 866-576-1039 CA,$18.14,Travel/ Entertainment
12/4/23,12/4/23,UBER* TRIP 8665761039 CA,$17.07,Travel/ Entertainment
12/4/23,12/4/23,WDW PECOS BILL'S CA 407-828-5630 FLWALT DISNEY PARKS AND RESORTS R1142087,$42.02,Restaurants
12/5/23,12/5/23,ICEBAR ORLANDO ORLANDO FL,$57.25,Restaurants
12/5/23,12/5/23,LANDS END 800-332-4700 WI,$8.82,Merchandise
12/5/23,12/5/23,NEWT SCOOTER RENTAL 8443446398 FL,$11.59,Travel/ Entertainment
12/5/23,12/5/23,PANERA BREAD #606249 O 855-372-6372 WIAPPLE PAY ENDING IN 70491019954274,$23.28,Restaurants
12/5/23,12/5/23,UBER TRIP 866-576-1039 CA,$4.59,Travel/ Entertainment
12/5/23,12/5/23,UBER TRIP 866-576-1039 CA,$23.44,Travel/ Entertainment
12/6/23,12/6/23,HILTON MARKETPLACE ORLANDO FL,$5.06,Restaurants
12/6/23,12/6/23,PAYPAL *EDDIE BAUER 402-935-7733 CA,$52.23,Merchandise
12/6/23,12/6/23,TST* SENOR FROGS ORLANDO ORLANDO FL,$85.00,Restaurants
12/6/23,12/6/23,UBER TRIP 866-576-1039 CA,$3.00,Travel/ Entertainment
12/6/23,12/6/23,UBER TRIP 866-576-1039 CA,$3.00,Travel/ Entertainment
12/6/23,12/6/23,UBER TRIP 866-576-1039 CA,$6.34,Travel/ Entertainment
12/6/23,12/6/23,UBER TRIP 866-576-1039 CA,$13.72,Travel/ Entertainment
12/6/23,12/6/23,UBER* TRIP 8665761039 CA,$3.00,Travel/ Entertainment
12/6/23,12/6/23,WDW TRADING POST LAKE BUENA VIFLWALT DISNEY PARKS AND RESORTS R1144463,$15.96,Merchandise
12/7/23,12/7/23,UBER TRIP 866-576-1039 CA,$10.59,Travel/ Entertainment
12/8/23,12/8/23,365 MARKET K 888 432-329 TROY MI,$1.43,Restaurants
12/8/23,12/8/23,BL - OPEN HEARTH LODGE SISTER BAY WI,$170.88,Travel/ Entertainment
12/8/23,12/8/23,CULVERS OF MANITOWOC MANITOWOC WI,$22.75,Restaurants
12/8/23,12/8/23,SQ *MILWAUKEE ELECTRIC BROOKFIELD WI0002305843018936183574,$443.62,Home Improvement
12/9/23,12/9/23,DINING TROY MI,$1.60,Restaurants
12/9/23,12/9/23,DOOR COUNTY POLAR BEAR P BAILEYS HARBOWI,$26.45,Merchandise
12/9/23,12/9/23,LEGACY GYM MKE 262-989-6696 WI,$95.00,Travel/ Entertainment
12/9/23,12/9/23,LS ALPACA TO APPAREL 9205361394 WI,$21.09,Merchandise
12/9/23,12/9/23,PP*FRYKMAN STUDIO GALL SISTER BAY WI,$31.80,Merchandise
12/9/23,12/9/23,SP SALT WASH 9207465207 WI,$28.49,Merchandise
12/9/23,12/9/23,SQ *888 CHEESE & CO. D SISTER BAY WI0002305843018950017404,$10.55,Restaurants
12/9/23,12/9/23,SQ *DOCO PIT PACS SISTER BAY WI0002305843018949953729,$26.38,Services
12/9/23,12/9/23,SQ *GRASSE?S GRILL GOSQ.COM WI0001152921513482553432,$35.09,Restaurants
12/9/23,12/9/23,SQ *SIP & SPOT SISTER BAY WI0002305843018950870539,$59.28,Merchandise
12/9/23,12/9/23,SQ *SISTER BAY HISTORI SISTER BAY WI0002305843018949382284,$4.00,Travel/ Entertainment
12/9/23,12/9/23,SQ *SISTER BAY HISTORI SISTER BAY WI0002305843018950347573,$20.00,Travel/ Entertainment
12/9/23,12/9/23,SQ *THE NUTMAN SISTER BAY WI0002305843018949935098,$14.50,Supermarkets
12/9/23,12/9/23,WHIMSY MORRIS IL,$57.33,Merchandise
12/10/23,12/10/23,BL - OPEN HEARTH LODGE SISTER BAY WI,$16.96,Travel/ Entertainment
12/10/23,12/10/23,BL - OPEN HEARTH LODGE SISTER BAY WI,$215.47,Travel/ Entertainment
12/10/23,12/10/23,JIMMY JOHNS - 957 MANITOWOC WI,$16.12,Restaurants
12/10/23,12/10/23,KWIK TRIP 00004911691 MANITOWOC WI,$10.72,Gasoline
12/10/23,12/10/23,LEGACY GYM MKE 262-989-6696 WI,$20.00,Travel/ Entertainment
12/10/23,12/10/23,RENARDS CHEESE STURGEON BAY WI,$142.69,Merchandise
12/10/23,12/12/23,SOMERSET INN AND SUITES EPHRAIM WI,-$462.50,Payments and Credits
12/11/23,12/11/23,USPS KIOSK 5687159550 MILWAUKEE WI,$39.60,Government Services
12/12/23,12/12/23,HUMANSCALE 626-304-7419 NJ,$102.66,Merchandise
12/12/23,12/12/23,RIGHT AT SCHOOL 8552872466 IL,$154.00,Education
12/12/23,12/12/23,SQ *MINOCQUA POPCORN A GOSQ.COM WIAPPLE PAY ENDING IN 70490001152921513491946629,$48.42,Supermarkets
12/13/23,12/13/23,365 MARKET K 888 432-329 TROY MI,$1.00,Restaurants
12/13/23,12/13/23,5-365 FOOD SERVICE TROY MI,$3.99,Restaurants
12/13/23,12/13/23,CHICK-FIL-A #03533 4143274885 WI,$28.08,Restaurants
12/13/23,12/13/23,SALON MARIE LLC HALES CORNERSWI,$34.00,Services
12/14/23,12/14/23,TST* MAGGIOS WOOD FIRED WAUWATOSA WIAPPLE PAY ENDING IN 7049,$45.57,Restaurants
12/15/23,12/15/23,365 MARKET K 888 432-329 TROY MI,$1.00,Restaurants
12/15/23,12/15/23,88NINE RADIO MILWAUKEE 4148927928 WI,$15.00,Services
12/15/23,12/15/23,CULVERS BROOKFIELD 2 BROOKFIELD WI,$10.47,Restaurants
12/15/23,12/15/23,NOODLES & CO 210 WAUWATOSA WI,$44.30,Restaurants
12/15/23,12/15/23,SPOTHERO 844-356-8054 8443568054 ILAPPLE PAY ENDING IN 7049,$10.70,Services
12/16/23,12/16/23,LS RUCKUS & GLEE 4143953201 WI,$142.37,Merchandise
12/16/23,12/16/23,MYHEROCARDS 541-264-4579 WY,$54.90,Merchandise
12/16/23,12/16/23,REI.COM 800-426-4840 800-426-4840 WAA292987143,$68.52,Merchandise
12/16/23,12/16/23,SENDIK'S WAUWATOSA WAUWATOSA WIAPPLE PAY ENDING IN 6300,$95.00,Supermarkets
12/17/23,12/17/23,CHIPOTLE ONLINE 949-524-4000 CA,$45.61,Restaurants
12/17/23,12/19/23,CAFE HOLLANDER W STATE 414-475-6771 WI,$9.31,Restaurants
12/18/23,12/19/23,LEVY @ FISERV FORUM - CO MILWAUKEE WI,$5.30,Restaurants
12/18/23,12/19/23,LEVY @ FISERV FORUM - CO MILWAUKEE WI,$6.10,Restaurants
12/18/23,12/19/23,LEVY @ FISERV FORUM - CO MILWAUKEE WI,$16.96,Restaurants
12/18/23,12/19/23,LEVY @ FISERV FORUM - CO MILWAUKEE WI,$20.72,Restaurants
12/18/23,12/19/23,PP*LOVE YOUR FACE SKINCA WAUWATOSA WI,$240.00,Services
12/19/23,12/19/23,5-365 FOOD SERVICE TROY MI,$0.65,Restaurants
12/19/23,12/19/23,LANDS END 800-332-4700 WI,$47.44,Merchandise
12/19/23,12/19/23,SQ *MILWAUKEE FARMERS GOSQ.COM WI0002305843019002885080,$49.50,Supermarkets
12/20/23,12/20/23,CORNER BAKERY CAFE 1602 414-476-2233 WI,$12.44,Restaurants
12/20/23,12/20/23,DSW INC. 614-237-7100 OHAPPLE PAY ENDING IN 7049,$26.36,Merchandise
12/20/23,12/20/23,GILLES FROZEN CUSTARD MILWAUKEE WI,$44.26,Restaurants
12/20/23,12/20/23,LEVY @ FISERV FORUM - CO MILWAUKEE WI,$20.14,Restaurants
12/20/23,12/20/23,SP POCO PIZZA 9209482878 WI,$104.75,Supermarkets
12/21/23,12/21/23,365 MARKET K 888 432-329 TROY MI,$1.00,Restaurants
12/21/23,12/21/23,5-365 FOOD SERVICE TROY MI,$4.70,Restaurants
12/22/23,12/22/23,5-365 FOOD SERVICE TROY MI,$2.64,Restaurants
12/22/23,12/22/23,FIREFLY RESTAURANT WAUWATOSA WI,$100.00,Restaurants
12/22/23,12/22/23,SPECTRUM 855-707-7328 MORC436049090,$69.99,Services
12/23/23,12/23/23,CULVERS OF FOND DU LAC93 FOND DU LAC WI,$8.31,Restaurants
12/23/23,12/23/23,SENDIK'S WAUWATOSA WAUWATOSA WI,$6.93,Supermarkets
12/23/23,12/23/23,SULLYS SANDWICHES MILWAUKEE WI,$20.00,Restaurants
12/24/23,12/24/23,SENDIK'S WAUWATOSA WAUWATOSA WIAPPLE PAY ENDING IN 6300,$26.28,Supermarkets
12/24/23,12/24/23,SP GROUNDS & HOUNDS 3238448056 IN,$24.25,Supermarkets
12/25/23,12/25/23,PAYPAL *HULU 402-935-7733 CA,$8.43,Services
12/25/23,12/25/23,SQ *DOCO PIT PACS GOSQ.COM WIAPPLE PAY ENDING IN 70490001152921513533362793,$58.02,Services
12/26/23,12/26/23,PAYPAL *AMERICANGIR 402-935-7733 CA,$118.80,Merchandise
12/26/23,12/26/23,RAY'S WINE AND SPIRITS WAUWATOSA WIAPPLE PAY ENDING IN 6300,$82.21,Merchandise
12/26/23,12/26/23,RIGHT AT SCHOOL 8552872466 IL,$77.00,Education
12/26/23,12/26/23,SENDIK'S WAUWATOSA WAUWATOSA WIAPPLE PAY ENDING IN 6300,$6.92,Supermarkets
12/27/23,12/27/23,TST* BB'S ON NORTH WAUWATOSA WI,$51.06,Restaurants
12/28/23,12/28/23,APPLE.COM/BILL 866-712-7753 CAMKQXS9FG05A0,$20.98,Merchandise
12/28/23,12/28/23,LEGACY GYM MKE 262-989-6696 WI,$15.00,Travel/ Entertainment
12/28/23,12/28/23,WALGREENS #10196 WAUWATOSA WI,$45.32,Merchandise
12/29/23,12/29/23,BUCKATABON TAVERN WAUWATOSA WI,$163.00,Restaurants
12/29/23,12/29/23,PAYMENT - THANK YOU,"-$5,800.00",Payments and Credits
12/29/23,12/29/23,SP NOLAN INTERIOR 7793681681 WYAPPLE PAY ENDING IN 7049,$124.42,Merchandise
12/29/23,12/29/23,SP NOURISH NATURAL P 4142310955 WIAPPLE PAY ENDING IN 7049,$23.20,Merchandise
12/29/23,12/29/23,USPS PO 5687150226 MILWAUKEE WI,$39.60,Government Services
12/30/23,12/30/23,CHICK-FIL-A #03252 2623730609 WIAPPLE PAY ENDING IN 7049,$7.30,Restaurants
12/30/23,12/30/23,FIDDLEHEADS COFFEE ROAST WAUWATOSA WI,$20.24,Restaurants
12/30/23,12/30/23,PICK N SAVE #853 BROOKFIELD WI,$12.15,Supermarkets
12/31/23,12/31/23,LEGACY GYM MKE 262-989-6696 WI,$15.00,Travel/ Entertainment
12/31/23,12/31/23,THE PFISTER F&B MILWAUKEE WI,$57.00,Restaurants
1/1/24,1/1/24,SENDIK'S WAUWATOSA WAUWATOSA WI,$72.19,Supermarkets
1/2/24,1/2/24,MED*FROEDTERT HEALTH I 800-803-8155 WI202907443,$134.21,Medical Services
1/3/24,1/3/24,CULVERS BROOKFIELD 2 OLO 232-781-6610 WI,$25.69,Restaurants
1/3/24,1/3/24,MILWAUKEE JOURNAL 888-426-0491 IN25039297ICG,$69.00,Merchandise
1/4/24,1/4/24,MILTOWN EATS LLC 4144349799 WI,$50.00,Supermarkets
1/5/24,1/5/24,5-365 FOOD SERVICE TROY MI,$4.89,Restaurants
1/5/24,1/5/24,CAFE ZUPAS GREENFIELD GREENFIELD WI,$24.19,Restaurants
1/5/24,1/5/24,MICROSOFT G035711322 REDMOND WA,$13.19,Merchandise
1/5/24,1/5/24,RAY'S WINE AND SPIRITS WAUWATOSA WI,$50.81,Merchandise
1/5/24,1/5/24,SQ *JOY ICE CREAM SOCI WAUWATOSA WI0002305843019089900452,$18.98,Supermarkets
1/6/24,1/6/24,5-365 FOOD SERVICE TROY MI,$1.60,Restaurants
1/6/24,1/6/24,MADACC 414-649-8640 WI120210018,$13.00,Services
1/6/24,1/6/24,PY *KETTLE RANGE MEAT CO MILWAUKEE WI,$36.34,Supermarkets
1/6/24,1/6/24,SQ *STONE CREEK COFFEE WAUWATOSA WI0002305843019090914597,$16.84,Restaurants
1/6/24,1/6/24,TST* BB'S ON NORTH WAUWATOSA WI,$77.00,Restaurants
1/6/24,1/6/24,VENMO 855-812-4430 NY,$115.36,Services
1/7/24,1/7/24,BCS*MPP WAUWATOSA SCHOOL WAUWATOSA WI,$100.00,Education
1/7/24,1/7/24,OLD NAVY US 3995 WAUWATOSA WI00780P,$71.99,Merchandise
1/7/24,1/7/24,PY *KETTLE RANGE MEAT CO MILWAUKEE WI,$40.90,Supermarkets
1/7/24,1/7/24,SAZ'S STATE HOUSE MILWAUKEE WI,$52.44,Restaurants
1/8/24,1/8/24,RIGHT AT SCHOOL 8552872466 IL,$154.00,Education
1/8/24,1/8/24,SP NOURISH NATURAL P 4142310955 WI,$129.97,Merchandise
1/9/24,1/9/24,5-365 FOOD SERVICE TROY MI,$4.07,Restaurants
1/9/24,1/9/24,LEGACY GYM MKE 262-989-6696 WI,$95.00,Travel/ Entertainment
1/10/24,1/10/24,MARQUETTE UNIVERSITY 8333000190 WI,$350.00,Services
1/10/24,1/10/24,VSI*TOSAREC ONLINE 414-773-2905 WIVSI*TOSAREC ONLINE,$82.25,Government Services
1/11/24,1/11/24,5-365 FOOD SERVICE TROY MI,$1.60,Restaurants
1/11/24,1/11/24,BP#6911929FALLS BP MENOMONEE FALWI,$1.59,Gasoline
1/11/24,1/11/24,EVERVET WAUWATOSA WI,$46.80,Services
1/11/24,1/11/24,MILTOWN EATS LLC 4144349799 WI,$50.00,Supermarkets
1/11/24,1/11/24,SENDIK'S WAUWATOSA WAUWATOSA WIAPPLE PAY ENDING IN 6300,$76.59,Supermarkets
1/11/24,1/11/24,SQ *JOY ICE CREAM SOCI WAUWATOSA WI0002305843019115773686,$24.91,Supermarkets
1/13/24,1/13/24,DAVESHOTCHICKEN 2122600895 WIAPPLE PAY ENDING IN 7049,$39.54,Restaurants
1/14/24,1/14/24,2LEVY AT FISERV FORUM MILWAUKEE WI,$15.25,Restaurants
1/14/24,1/14/24,88NINE RADIO MILWAUKEE 4148927928 WI,$15.00,Services
1/14/24,1/14/24,PAYPAL *EXPRESSSCRI 888-221-1161 CA,$25.00,Merchandise
1/15/24,1/15/24,CHICK-FIL-A #04943 GLENDALE WI,$17.60,Restaurants
1/15/24,1/15/24,LEVY @ FISERV FORUM - CO MILWAUKEE WI,$16.20,Restaurants
1/15/24,1/15/24,LEVY @ FISERV FORUM - CO MILWAUKEE WI,$22.49,Restaurants
1/15/24,1/15/24,LOU MALNATIS PIZZERIA 2122600895 WI,$42.75,Restaurants
1/16/24,1/16/24,SENDIK'S WAUWATOSA WAUWATOSA WIAPPLE PAY ENDING IN 6300,$57.47,Supermarkets
1/17/24,1/17/24,SALON MARIE LLC HALES CORNERSWI,$34.00,Services
1/18/24,1/19/24,MILTOWN EATS LLC 4144349799 WI,$50.00,Supermarkets
1/18/24,1/19/24,QUALITY HEATING AND SHEE BROOKFIELD WI,$79.65,Services
1/20/24,1/20/24,330 W WELLS GARAGE MILWAUKEE WI,$45.00,Services
1/20/24,1/20/24,8WISC CTR DIST MILWAUKEE WI,$12.47,Restaurants
1/20/24,1/20/24,8WISC CTR DIST MILWAUKEE WI,$12.47,Restaurants
1/20/24,1/20/24,8WISC CTR DIST MILWAUKEE WI,$38.64,Restaurants
1/20/24,1/20/24,8WISC CTR DIST MILWAUKEE WI,$38.64,Restaurants
1/20/24,1/20/24,PANERA BREAD #606249 O 855-372-6372 WIAPPLE PAY ENDING IN 70491043469274,$38.58,Restaurants
1/21/24,1/21/24,SQ *LOUP GOSQ.COM WIAPPLE PAY ENDING IN 70490001152921513604949796,$32.53,Restaurants
1/21/24,1/21/24,SQ *LOUP MILWAUKEE WI0002305843019160660270,$16.00,Restaurants
1/21/24,1/21/24,THE UPS STORE 5739 MILWAUKEE WI,$20.34,Services
1/22/24,1/22/24,SPECTRUM 855-707-7328 MORC484789180,$69.99,Services
1/23/24,1/23/24,5-365 FOOD SERVICE TROY MI,$4.70,Restaurants
1/23/24,1/23/24,CENTRAL BARK-BROOKFIELD 262-781-5554 WI,$10.51,Services
1/23/24,1/23/24,RIGHT AT SCHOOL 8552872466 IL,$154.00,Education
1/24/24,1/24/24,PAYMENT - THANK YOU,"-$3,700.00",Payments and Credits
1/25/24,1/25/24,5-365 FOOD SERVICE TROY MI,$7.38,Restaurants
1/25/24,1/25/24,MILTOWN EATS LLC 4144349799 WI,$50.00,Supermarkets
1/25/24,1/25/24,PAYPAL *ETHIQUE LTD 888-221-1161 CA,$48.71,Merchandise
1/25/24,1/25/24,PAYPAL *HULU 402-935-7733 CA,$8.62,Services
1/26/24,1/26/24,5-365 FOOD SERVICE TROY MI,$2.77,Restaurants
1/26/24,1/26/24,DAVES HOT CHICKEN 1096 MENOMONEE FALWI,$19.53,Restaurants
1/26/24,1/26/24,MED*FROEDTERT HEALTH I 800-803-8155 WI210651562,$36.42,Medical Services
1/26/24,1/26/24,MURFSFROZENCUSTARDONLINE BROOKFIELD WI,$33.25,Restaurants
1/27/24,1/27/24,COLECTIVO COFFEE ROAST 4142733747 WIAPPLE PAY ENDING IN 7049,$13.16,Supermarkets
1/27/24,1/27/24,SQ *HAPPY BUDDHA BOUTI WAUWATOSA WI0002305843019190034093,$31.76,Supermarkets
1/28/24,1/28/24,CAFE HOLLANDER W STATE 414-475-6771 WI,$28.37,Restaurants
1/28/24,1/28/24,LEVY @ FISERV FORUM - CO MILWAUKEE WI,$18.70,Restaurants
1/28/24,1/28/24,SENDIK'S WAUWATOSA WAUWATOSA WIAPPLE PAY ENDING IN 6300,$16.66,Supermarkets
1/28/24,1/28/24,SQ *BLACK TWIG BAKERY WAUWATOSA WI0002305843019197205146,$13.56,Merchandise
1/28/24,1/28/24,SQ *MILWAUKEE FARMERS GOSQ.COM WI0002305843019198286708,$31.50,Supermarkets
1/28/24,1/28/24,TST* LAKEFRONT BREWERY MILWAUKEE WI,$16.58,Restaurants
1/29/24,1/29/24,GILLES FROZEN CUSTARD MILWAUKEE WI,$23.25,Restaurants
1/30/24,1/30/24,5-365 FOOD SERVICE TROY MI,$2.59,Restaurants
1/30/24,1/30/24,ROCKY ROCOCO BLUEMOUND WAUWATOSA WI03029P,$15.93,Restaurants
1/30/24,1/30/24,WAUWATOSA SCHOOL OF MUSI WAUWATOSA WI,$52.00,Services
1/31/24,1/31/24,5-365 FOOD SERVICE TROY MI,$2.61,Restaurants
2/1/24,2/1/24,MILTOWN EATS LLC 4144349799 WI,$50.00,Supermarkets
2/1/24,2/1/24,OLD NAVY ON-LINE GROVEPORT OH,$48.15,Merchandise
2/1/24,2/1/24,PANERA BREAD #601548 O 414-831-7777 WIAPPLE PAY ENDING IN 70491049094411,$25.12,Restaurants
2/1/24,2/1/24,SQ *CREAM CITY SOAP CO WAUWATOSA WI0002305843019216817203,$23.83,Supermarkets
2/2/24,2/2/24,DINING TROY MI,$4.00,Restaurants
2/2/24,2/2/24,SENDIK'S WAUWATOSA WAUWATOSA WI,$31.20,Supermarkets
2/2/24,2/2/24,SQ *NADI PLATES (FOOD WAUWATOSA WI0002305843019223876428,$49.50,Travel/ Entertainment
2/2/24,2/2/24,TST* YO MAMA - WAUWATO WAUWATOSA WI00042815015849735205AA,$15.50,Restaurants
2/2/24,2/2/24,WAUWATOSA SCHOOL OF MUSI WAUWATOSA WI,$104.00,Services
2/3/24,2/3/24,PAYPAL *WISCHUMANE 888-221-1161 CA,$25.00,Services
2/3/24,2/3/24,PP*LOVE YOUR FACE SKINCA WAUWATOSA WI,$141.00,Services
2/3/24,2/3/24,TST* LION'S TAIL BREWING WAUWATOSA WI,$14.92,Restaurants
2/3/24,2/3/24,VCO*MOUNT CARMEL LUTHE 414-771-1270 WI,$25.66,Services
2/4/24,2/4/24,ROCKYROCOCO 2122600895 WI,$21.27,Restaurants
2/4/24,2/4/24,SSA MILWAUKEE COUNTY ZOO MILWAUKEE WI,$39.09,Merchandise
2/4/24,2/4/24,TST* CRAFTY COW - WAUW 414-897-7453 WIAPPLE PAY ENDING IN 704900070729015869630397AA,$36.38,Restaurants
2/5/24,2/5/24,LEGACY GYM MKE 262-989-6696 WI,$250.00,Travel/ Entertainment
2/5/24,2/5/24,MICROSOFT G037602980 REDMOND WA,$13.24,Merchandise
2/5/24,2/5/24,TST* CRANKY ALS 414-258-5282 WI00020123015888525946AA,$12.00,Restaurants
2/6/24,2/6/24,5-365 FOOD SERVICE TROY MI,$4.00,Restaurants
2/6/24,2/6/24,CENTRAL BARK-BROOKFIELD 262-781-5554 WI,$10.51,Services
2/6/24,2/6/24,RIGHT AT SCHOOL 8552872466 IL,$154.00,Education
2/6/24,2/6/24,UWM SCE 414-2273200 WI,"$1,023.40",Education
2/7/24,2/7/24,5-365 FOOD SERVICE TROY MI,$1.60,Restaurants
2/8/24,2/8/24,GS WISCONSIN SOUTHEAST 800-565-4475 WI,$5.00,Services
2/8/24,2/8/24,RAY'S WINE AND SPIRITS WAUWATOSA WI,$39.74,Merchandise
2/9/24,2/9/24,5-365 FOOD SERVICE TROY MI,$1.28,Restaurants
2/9/24,2/9/24,GILLES FROZEN CUSTARD MILWAUKEE WI,$43.42,Restaurants
2/9/24,2/9/24,LEGACY GYM MKE 262-989-6696 WI,$95.00,Travel/ Entertainment
2/9/24,2/9/24,SQ *STONE CREEK COFFEE WAUWATOSA WI0002305843019258136606,$14.00,Restaurants
2/10/24,2/10/24,5-365 FOOD SERVICE TROY MI,$4.00,Restaurants
2/10/24,2/10/24,METCALFE MARKET TOSA WAUWATOSA WI,$112.39,Supermarkets
2/11/24,2/11/24,RAYS WINE AND SPIRITS 414-2589821 WI,$45.88,Merchandise
2/11/24,2/11/24,SENDIK'S WAUWATOSA WAUWATOSA WIAPPLE PAY ENDING IN 6300,$5.80,Supermarkets
2/12/24,2/12/24,FIDDLEHEADS COFFEE ROAST WAUWATOSA WI,$29.38,Restaurants
2/12/24,2/12/24,NIC*VEHICLEREGRENEW 608-266-7587 WI,$117.70,Government Services
2/13/24,2/13/24,5-365 FOOD SERVICE TROY MI,$2.19,Restaurants
2/13/24,2/13/24,CULVERS BROOKFIELD 2 OLO 232-781-6610 WI,$25.58,Restaurants
2/14/24,2/14/24,5-365 FOOD SERVICE TROY MI,$3.54,Restaurants
2/14/24,2/14/24,MED*FROEDTERT HEALTH I 800-803-8155 WI216884919,$193.72,Medical Services
2/14/24,2/14/24,ORDER.NOODLES.COM 2122600895 COAPPLE PAY ENDING IN 6966,$30.99,Restaurants
2/15/24,2/15/24,5-365 FOOD SERVICE TROY MI,$4.00,Restaurants
2/15/24,2/15/24,88NINE RADIO MILWAUKEE 4148927928 WI,$15.00,Services
2/15/24,2/15/24,MILTOWN EATS LLC 4144349799 WI,$50.00,Supermarkets
2/15/24,2/15/24,TST* MISS MOLLYS CAFE 414-249-5665 WIAPPLE PAY ENDING IN 704900037390016055439023AA,$19.74,Restaurants
2/17/24,2/17/24,PAYPAL *EXPRESSSCRI 888-221-1161 CA,$11.69,Merchandise
2/17/24,2/17/24,TST* BB'S ON NORTH WAUWATOSA WI,$62.11,Restaurants
2/17/24,2/19/24,METCALFE MARKET TOSA WAUWATOSA WIAPPLE PAY ENDING IN 6300,$101.24,Supermarkets
2/18/24,2/19/24,RAY'S WINE AND SPIRITS WAUWATOSA WIAPPLE PAY ENDING IN 6300,$17.98,Merchandise
2/18/24,2/19/24,TST* MIDTOWN GRILL 414-837-6400 WIAPPLE PAY ENDING IN 704900039277016093834050AA,$44.06,Restaurants
2/19/24,2/19/24,FULL SERVICE CAR WASH #5 WAUWATOSA WI,$15.87,Automotive
2/19/24,2/19/24,GILLES FROZEN CUSTARD MILWAUKEE WI,$16.87,Restaurants
2/19/24,2/19/24,RIGHT AT SCHOOL 8552872466 IL,$154.00,Education
2/20/24,2/20/24,TST* MIDTOWN GRILL 414-837-6400 WIAPPLE PAY ENDING IN 704900039277016134298916AA,$14.69,Restaurants
2/21/24,2/21/24,SALON MARIE LLC HALES CORNERSWI,$34.00,Services
2/21/24,2/21/24,ZOOLOGICAL SOCIETY OF MI MILWAUKEE WI,$330.00,Services
2/22/24,2/22/24,MILTOWN EATS LLC 4144349799 WI,$50.00,Supermarkets
2/22/24,2/22/24,PAYMENT - THANK YOU,"-$4,170.00",Payments and Credits
2/22/24,2/22/24,SPECTRUM 855-707-7328 MORC547040300,$71.99,Services
2/23/24,2/23/24,5-365 FOOD SERVICE TROY MI,$3.89,Restaurants
2/23/24,2/23/24,COLECTIVO COFFEE ROAST 4142733747 WIAPPLE PAY ENDING IN 7049,$9.18,Supermarkets
2/24/24,2/24/24,5-365 FOOD SERVICE TROY MI,$4.50,Restaurants
2/24/24,2/24/24,METCALFE MARKET TOSA WAUWATOSA WI,$83.30,Supermarkets
2/24/24,2/24/24,PY *KETTLE RANGE MEAT CO MILWAUKEE WI,$65.80,Supermarkets
2/24/24,2/24/24,TST* GOOD CITY BREWING - WAUWATOSA WI,$45.95,Restaurants
2/25/24,2/25/24,DISCOVERY WORLD 4147651977 WI,$251.00,Services
2/25/24,2/25/24,PAYPAL *HULU 402-935-7733 CA,$8.62,Services
2/26/24,2/26/24,PAYPAL *CHEWY INC 402-935-7733 CA,$26.45,Merchandise
2/26/24,2/26/24,PAYPAL *CHEWY INC 402-935-7733 CA,$93.16,Merchandise
2/26/24,2/26/24,SENDIK'S WAUWATOSA WAUWATOSA WIAPPLE PAY ENDING IN 6300,$11.17,Supermarkets
2/27/24,2/27/24,CENTRAL BARK-BROOKFIELD 262-781-5554 WI,$10.51,Services
2/27/24,2/27/24,COLECTIVO COFFEE ROAST 4142733747 WIAPPLE PAY ENDING IN 7049,$17.14,Supermarkets
2/28/24,2/28/24,ORDER.NOODLES.COM 2122600895 COAPPLE PAY ENDING IN 6966,$37.03,Restaurants
2/28/24,2/28/24,PAYPAL *MEDIUM.COM 402-935-7733 CA,$50.00,Merchandise
2/28/24,2/28/24,SP THE REAL GOOD LIFE 2624215751 WI,$72.05,Restaurants
2/29/24,2/29/24,IN *BRAVAN LLC MILWAUKEE WIASILIBDL,$280.00,Services
2/29/24,2/29/24,MILTOWN EATS LLC 4144349799 WI,$50.00,Supermarkets
2/29/24,2/29/24,TST* MIDTOWN GRILL WAUWATOSA WI00039277016297379057AA,$29.48,Restaurants
3/1/24,3/1/24,AR BROOKFIELD 5413165747 WI,$400.00,Travel/ Entertainment
3/1/24,3/1/24,AR BROOKFIELD 5413165747 WI,$400.00,Travel/ Entertainment
3/1/24,3/1/24,IL MITO 414-443-1414 WIAPPLE PAY ENDING IN 7049,$87.51,Restaurants
3/1/24,3/1/24,METCALFE MARKET TOSA WAUWATOSA WI,$68.97,Supermarkets
3/1/24,3/1/24,RUCKUS & GLEE 4143953201 WI,$31.64,Merchandise
3/1/24,3/1/24,SQ *JOY ICE CREAM SOCI WAUWATOSA WI0002305843019382410962,$17.14,Supermarkets
3/2/24,3/2/24,5-365 FOOD SERVICE TROY MI,$4.50,Restaurants
3/2/24,3/2/24,KETTLE RANGE MEAT COMPAN MILWAUKEE WI,$34.06,Supermarkets
3/2/24,3/2/24,PAYPAL *CROCS INC 402-935-7733 CA,$70.39,Merchandise
3/2/24,3/2/24,WAUWATOSA SCHOOL OF MUSI WAUWATOSA WI,$104.00,Services
3/3/24,3/3/24,DIRECTSUPP* DIRECT SUP 8663184357 WI,$25.00,Services
3/3/24,3/3/24,SP NOURISH NATURAL P 4142310955 WI,$68.20,Merchandise
3/3/24,3/3/24,SQ *BIG WHITE YETI MILWAUKEE WI0002305843019394563326,$12.95,Supermarkets
3/3/24,3/3/24,SQ *PEDRO'S SOUTH AMER GLENDALE WI0002305843019394409223,$23.00,Restaurants
3/3/24,3/3/24,SQ *THE CURATED CARROT MILWAUKEE WI0002305843019394850574,$34.53,Merchandise
3/3/24,3/3/24,SQ *TOTS ON THE STREET MILWAUKEE WI0002305843019394363575,$19.55,Restaurants
3/4/24,3/4/24,GILLES FROZEN CUSTARD MILWAUKEE WI,$24.40,Restaurants
3/5/24,3/5/24,365 MARKET K 888 432-329 TROY MI,$3.56,Restaurants
3/5/24,3/5/24,5-365 FOOD SERVICE TROY MI,$2.48,Restaurants
3/5/24,3/5/24,MICROSOFT G040645606 REDMOND WA,$13.24,Merchandise
3/5/24,3/5/24,RIGHT AT SCHOOL 8552872466 IL,$154.00,Education
3/6/24,3/6/24,5-365 FOOD SERVICE TROY MI,$0.63,Restaurants
3/7/24,3/7/24,5-365 FOOD SERVICE TROY MI,$0.59,Restaurants
3/7/24,3/7/24,MILTOWN EATS LLC 4144349799 WI,$50.00,Supermarkets
3/8/24,3/8/24,MILWAUKEE COUNTY TRANSIT 414-344-4550 WIAPPLE PAY ENDING IN 7049,$10.00,Travel/ Entertainment
3/8/24,3/8/24,SHOWTIX4U* WAWM RCS CO 7029898987 NV,$18.66,Services
3/9/24,3/9/24,LEGACY GYM MKE 262-989-6696 WI,$95.00,Travel/ Entertainment
3/9/24,3/9/24,METCALFE MARKET TOSA WAUWATOSA WI,$54.42,Supermarkets
3/9/24,3/9/24,NOODLES & CO 210 WAUWATOSA WI,$12.54,Restaurants
3/9/24,3/9/24,TRYOTTER* SAZS STATE H 8186725999 CA,$36.26,Merchandise
3/9/24,3/9/24,WALGREENS #4253 WAUWATOSA WI,$10.58,Merchandise
3/10/24,3/10/24,CULVERS BROOKFIELD 2 OLO 232-781-6610 WI,$25.48,Restaurants
3/10/24,3/10/24,"LOWE'S OF FRANKLIN, WI FRANKLIN WI",$18.62,Home Improvement
3/10/24,3/10/24,SENDIK'S WAUWATOSA WAUWATOSA WIAPPLE PAY ENDING IN 6300,$40.42,Supermarkets
3/11/24,3/11/24,PAYPAL *OLD NAVY 402-935-7733 CA,$12.14,Merchandise
3/12/24,3/12/24,LS BENTLEYS PET STUFF 4254028833 WI,$72.00,Merchandise
3/12/24,3/12/24,SQ *LOUP GOSQ.COM WI0001152921513767661874,$21.10,Restaurants
3/13/24,3/13/24,5-365 FOOD SERVICE TROY MI,$2.59,Restaurants
3/13/24,3/13/24,AMTRAK MOBILE 202-906-3000 DCAPPLE PAY ENDING IN 7049,$60.00,Travel/ Entertainment
3/13/24,3/13/24,CHICK-FIL-A #03252 2623730609 WI,$31.32,Restaurants
3/14/24,3/14/24,365 MARKET K 888 432-329 TROY MI,$1.00,Restaurants
3/14/24,3/14/24,5-365 FOOD SERVICE TROY MI,$1.04,Restaurants
3/14/24,3/14/24,88NINE RADIO MILWAUKEE 4148927928 WI,$15.00,Services
3/14/24,3/14/24,CHILDRENS MYCHART 414-2666262 WI,$47.07,Medical Services
3/14/24,3/14/24,MILTOWN EATS LLC 4144349799 WI,$50.00,Supermarkets
3/15/24,3/15/24,COLECTIVO COFFEE ROAST 4142733747 WIAPPLE PAY ENDING IN 7049,$17.14,Supermarkets
3/15/24,3/15/24,LGC*DOORDASH GIFTCARD 3105661424 CAAPPLE PAY ENDING IN 7049,$150.00,Merchandise
3/15/24,3/15/24,METCALFE MARKET TOSA WAUWATOSA WI,$49.30,Supermarkets
3/15/24,3/15/24,PAYPAL *OLD NAVY 402-935-7733 CA,$47.68,Merchandise
3/16/24,3/16/24,5-365 FOOD SERVICE TROY MI,$3.00,Restaurants
3/16/24,3/16/24,TST* GOOD CITY BREWING 414-539-4343 WI00138383016568837922AA,$46.57,Restaurants
3/17/24,3/17/24,CORK N BARREL LLC WEST BEND WI,$50.00,Restaurants
3/17/24,3/17/24,MCDONALD'S F4568 WAUKESHA WI,$4.92,Restaurants
3/17/24,3/17/24,SQ *STONE CREEK COFFEE WAUWATOSA WI0002305843019474381653,$22.39,Restaurants
3/17/24,3/17/24,TST* BB'S ON NORTH WAUWATOSA WI,$58.73,Restaurants
3/18/24,3/19/24,GILLES FROZEN CUSTARD MILWAUKEE WI,$14.34,Restaurants
3/18/24,3/19/24,RIGHT AT SCHOOL 8552872466 IL,$77.00,Education
3/19/24,3/19/24,CENTRAL BARK-BROOKFIELD 262-781-5554 WI,$10.51,Services
3/19/24,3/19/24,KETTLE RANGE MEAT COMPAN MILWAUKEE WI,$34.00,Supermarkets
3/19/24,3/19/24,SENDIK'S ELM GROVE ELM GROVE WIAPPLE PAY ENDING IN 6300,$32.11,Supermarkets
3/20/24,3/20/24,5-365 FOOD SERVICE TROY MI,$2.76,Restaurants
3/20/24,3/20/24,SQ *BLACK TWIG BAKERY WAUWATOSA WI0002305843019490344863,$12.77,Merchandise
3/20/24,3/20/24,TST* MISS MOLLYS CAFE 414-249-5665 WIAPPLE PAY ENDING IN 704900037390016664759877AA,$9.49,Restaurants
3/21/24,3/21/24,5-365 FOOD SERVICE TROY MI,$1.60,Restaurants
3/21/24,3/21/24,MILTOWN EATS LLC 4144349799 WI,$50.00,Supermarkets
3/22/24,3/22/24,5-365 FOOD SERVICE TROY MI,$4.00,Restaurants
3/22/24,3/22/24,SPECTRUM 855-707-7328 MORC609494632,$71.99,Services
3/22/24,3/22/24,VSI*MKE CO PARKS WEB 414-257-5180 WIVSI*MKE CO PARKS WEB,$41.00,Government Services
3/23/24,3/23/24,BOSWELL BOOK COMPANY 414-332-1181 WI,$21.57,Merchandise
3/23/24,3/23/24,FRIENDS OF WEHR FRANKLIN WI,$46.28,Services
3/23/24,3/23/24,MARKEL PERSONAL LINES 800-236-2453 WI,$154.00,Services
3/23/24,3/23/24,METCALFE MARKET TOSA WAUWATOSA WI,$105.71,Supermarkets
3/24/24,3/24/24,PAYPAL *TRILLIUMHER 888-221-1161 CA,$57.37,Merchandise
3/25/24,3/25/24,GILLES FROZEN CUSTARD MILWAUKEE WI,$14.71,Restaurants
3/25/24,3/25/24,MED*FROEDTERT HEALTH I 800-803-8155 WI230056256,$36.42,Medical Services
3/25/24,3/25/24,PAYPAL *HULU 402-935-7733 CA,$8.62,Services
3/25/24,3/25/24,SQ *MILWAUKEE FARMERS GOSQ.COM WI0002305843019521102835,$24.50,Supermarkets
3/26/24,3/26/24,CENTRAL BARK-BROOKFIELD 262-781-5554 WI,$10.51,Services
3/26/24,3/26/24,PAYMENT - THANK YOU,"-$5,000.00",Payments and Credits
3/26/24,3/26/24,PAYPAL *LALALANDREC 888-221-1161 CA,$21.73,Merchandise
3/26/24,3/26/24,PP*LOVE YOUR FACE SKINCA WAUWATOSA WI,$280.64,Services
3/27/24,3/27/24,365 MARKET K 888 432-329 TROY MI,$1.79,Restaurants
3/27/24,3/27/24,5-365 FOOD SERVICE TROY MI,$3.00,Restaurants
3/27/24,3/27/24,AT *FIELD MUSEUM CHICAGO IL,$53.00,Services
3/27/24,3/27/24,SQ *WOK N ROLL WAUWATOSA WI0002305843019534248736,$14.56,Restaurants
3/27/24,3/27/24,VENTRA MOBILE CHICAGO ILAPPLE PAY ENDING IN 7049,$10.00,Travel/ Entertainment
3/28/24,3/28/24,8CHICAGO FIELD MUSEUM CHICAGO IL,$27.56,Merchandise
3/28/24,3/28/24,ADIDAS 6579 CHICAGO CHICAGO IL,$190.72,Merchandise
3/28/24,3/28/24,"AMERICAN GIRL RETAIL, CHICAGO IL",$57.40,Merchandise
3/28/24,3/28/24,AUNTIE ANNES CHICAGO IL,$9.13,Restaurants
3/28/24,3/28/24,GARRETT BRANDS CHICAGO IL,$27.81,Merchandise
3/28/24,3/28/24,LEGO CHICAGO CHICAGO IL,$33.05,Merchandise
3/28/24,3/28/24,LYFE KITCHEN-CHICAGO CHICAGO IL,$42.28,Restaurants
3/28/24,3/28/24,MILTOWN EATS LLC 4144349799 WI,$50.00,Supermarkets
3/28/24,3/28/24,PAYPAL *AMERICANGIR 888-221-1161 CA,$34.95,Merchandise
3/28/24,3/28/24,QUARTINO ITALIAN WINE CHICAGO IL,$71.91,Restaurants
3/28/24,3/28/24,SALON MARIE LLC HALES CORNERSWI,$41.00,Services
3/28/24,3/28/24,SP NOURISH NATURAL P 4142310955 WIAPPLE PAY ENDING IN 7049,$20.10,Merchandise
3/28/24,3/28/24,SQ *JUICERX CHICAGO IL0002305843019538154387,$15.42,Supermarkets
3/28/24,3/28/24,TST* SWEET MANDY BS - CHICAGO IL00002864016809334026AA,$21.69,Restaurants
3/29/24,3/29/24,5-365 FOOD SERVICE TROY MI,$20.53,Restaurants
3/29/24,3/29/24,BEDAZZLED NAILS & SPA CHICAGO IL,$74.00,Services
3/29/24,3/29/24,CHICK-FIL-A CHICAGO UN CHICAGO IL,$21.77,Restaurants
3/29/24,3/29/24,TST* BROTHERS GYROS & PI HALES CORNERSWI,$19.36,Restaurants
3/30/24,3/30/24,COLECTIVO COFFEE ROAST WAUWATOSA WI03023P,$13.16,Restaurants
3/30/24,3/30/24,COURTYARD BY MARRIOTT CH CHICAGO IL,$474.71,Travel/ Entertainment
3/30/24,3/30/24,LS RUCKUS & GLEE 4143953201 WI,$66.93,Merchandise
3/30/24,3/30/24,SENDIK'S WAUWATOSA WAUWATOSA WI,$60.06,Supermarkets
3/30/24,3/30/24,SQ *ULTIMATE CONFECTIO WAUWATOSA WI0002305843019552039462,$32.45,Merchandise
3/30/24,3/30/24,TST* GOOD CITY BREWING 414-539-4343 WIAPPLE PAY ENDING IN 704900138383016829449534AA,$41.15,Restaurants
3/31/24,3/31/24,WHOLEFDS MLW 10197 MILWAUKEE WI,$26.80,Supermarkets
4/1/24,4/1/24,PY *KETTLE RANGE MEAT CO MILWAUKEE WI,$44.90,Supermarkets
4/1/24,4/1/24,RIGHT AT SCHOOL 8552872466 IL,$154.00,Education
4/2/24,4/2/24,CENTRAL BARK-BROOKFIELD 262-781-5554 WI,$409.89,Services
4/2/24,4/2/24,TST* MISS MOLLYS CAFE MILWAUKEE WI00037390016898175269AA,$21.95,Restaurants
4/2/24,4/2/24,WAUWATOSA SCHOOL OF MUSI WAUWATOSA WI,$108.00,Services
4/3/24,4/3/24,APPLE.COM/US 800-676-2775 CAAPPLE PAY ENDING IN 7049711ED1C12E023C73,$83.66,Merchandise
4/3/24,4/3/24,BUCKATABON TAVERN WAUWATOSA WI,$81.34,Restaurants
4/4/24,4/4/24,MILTOWN EATS LLC 4144349799 WI,$56.48,Supermarkets
4/4/24,4/4/24,PP*LOVE YOUR FACE SKINCA WAUWATOSA WI,$315.00,Services
4/4/24,4/4/24,VSI*TOSAREC OFFICE WAUWATOSA WI,$39.00,Government Services
4/5/24,4/5/24,5-365 FOOD SERVICE TROY MI,$6.00,Restaurants
4/5/24,4/5/24,MICROSOFT#G043577303 MSBILL.INFO WA,$13.24,Merchandise
4/5/24,4/5/24,TST* BB'S ON NORTH WAUWATOSA WI,$80.72,Restaurants
4/5/24,4/5/24,TST* YO MAMA - WAUWATO WAUWATOSA WI00042815016952771806AA,$13.79,Restaurants
4/6/24,4/6/24,COLECTIVO COFFEE ROAST 4142733747 WIAPPLE PAY ENDING IN 7049,$26.89,Supermarkets
4/6/24,4/6/24,PANERA BREAD #606249 O 855-372-6372 WIAPPLE PAY ENDING IN 70491082362897,$32.35,Restaurants
4/6/24,4/6/24,PY *KETTLE RANGE MEAT CO MILWAUKEE WI,$25.00,Supermarkets
4/6/24,4/6/24,SALON MARIE LLC HALES CORNERSWI,$155.00,Services
4/6/24,4/6/24,SQ *HAPPY BUDDHA BOUTI MILWAUKEE WI0002305843019594836153,$65.10,Supermarkets
4/7/24,4/7/24,PAYPAL *CHEWY INC 402-935-7733 CA,$21.97,Merchandise
4/7/24,4/7/24,SENDIK'S WAUWATOSA WAUWATOSA WIAPPLE PAY ENDING IN 3896,$30.40,Supermarkets
4/8/24,4/8/24,CULVERS BROOKFIELD 2 OLO 232-781-6610 WI,$18.04,Restaurants
4/8/24,4/8/24,GILLES FROZEN CUSTARD MILWAUKEE WI,$23.25,Restaurants
4/8/24,4/8/24,VIP PHOTO - VIPIS.COM 262-375-4457 WI,$12.71,Services
4/9/24,4/9/24,5-365 FOOD SERVICE TROY MI,$1.76,Restaurants
4/9/24,4/9/24,CENTRAL BARK-BROOKFIELD 262-781-5554 WI,$10.51,Services
4/9/24,4/9/24,KETTLE RANGE MEAT COMPAN MILWAUKEE WI,$31.95,Supermarkets
4/9/24,4/9/24,LANDS END 800-332-4700 WI,$67.73,Merchandise
4/9/24,4/9/24,LEGACY GYM MKE 262-989-6696 WI,$95.00,Travel/ Entertainment
4/10/24,4/10/24,5-365 FOOD SERVICE TROY MI,$2.03,Restaurants
4/10/24,4/10/24,RAY'S WINE AND SPIRITS WAUWATOSA WI,$40.20,Merchandise
4/10/24,4/10/24,"SPARTAN RACE, INC. 5084330041 MA",$51.83,Travel/ Entertainment
4/11/24,4/11/24,5-365 FOOD SERVICE TROY MI,$3.87,Restaurants
4/11/24,4/11/24,MILTOWN EATS LLC 4144349799 WI,$50.00,Supermarkets
4/11/24,4/11/24,TST* MISS MOLLYS CAFE 414-249-5665 WIAPPLE PAY ENDING IN 704900037390017056560352AA,$23.84,Restaurants
4/12/24,4/12/24,CHICK-FIL-A #03252 2623730609 WI,$28.76,Restaurants
4/12/24,4/12/24,LS RUCKUS & GLEE 4143953201 WI,$73.02,Merchandise
4/12/24,4/12/24,METCALFE MARKET TOSA WAUWATOSA WI,$110.97,Supermarkets
4/13/24,4/13/24,5-365 FOOD SERVICE TROY MI,$4.00,Restaurants
4/13/24,4/13/24,MCKINLEY ELEM PTO 4144433570 WI,$300.00,Services
4/14/24,4/14/24,88NINE RADIO MILWAUKEE 4148927928 WI,$15.00,Services
4/14/24,4/14/24,CAFE HOLLANDER W STATE 414-475-6771 WI,$27.24,Restaurants
4/14/24,4/14/24,FIDDLEHEADS COFFEE ROAST WAUWATOSA WI,$74.17,Restaurants
4/14/24,4/14/24,PAYPAL *VITACOSTCOM 888-221-1161 CA,$57.29,Supermarkets
4/15/24,4/15/24,GILLES FROZEN CUSTARD MILWAUKEE WI,$14.34,Restaurants
4/15/24,4/15/24,PANERA BREAD #606249 O 855-372-6372 WIAPPLE PAY ENDING IN 70491086796199,$41.10,Restaurants
4/15/24,4/15/24,RIGHT AT SCHOOL 8552872466 IL,$154.00,Education
4/16/24,4/16/24,365 MARKET K 888 432-329 TROY MI,$3.56,Restaurants
4/16/24,4/16/24,5-365 FOOD SERVICE TROY MI,$3.11,Restaurants
4/16/24,4/16/24,CENTRAL BARK-BROOKFIELD 262-781-5554 WI,$10.51,Services
4/16/24,4/16/24,CHILDRENS MYCHART 414-2666262 WI,$21.54,Medical Services
4/17/24,4/17/24,5-365 FOOD SERVICE TROY MI,$2.12,Restaurants
4/17/24,4/17/24,DAVESHOTCHICKEN 2122600895 WIAPPLE PAY ENDING IN 7049,$36.61,Restaurants
4/18/24,4/19/24,5-365 FOOD SERVICE TROY MI,$3.42,Restaurants
4/18/24,4/19/24,MILTOWN EATS LLC 4144349799 WI,$30.00,Supermarkets
4/19/24,4/19/24,5-365 FOOD SERVICE TROY MI,$2.04,Restaurants
4/19/24,4/19/24,5-365 FOOD SERVICE TROY MI,$3.60,Restaurants
4/19/24,4/19/24,COLECTIVO COFFEE ROAST 4142733747 WIAPPLE PAY ENDING IN 7049,$26.31,Supermarkets
4/19/24,4/19/24,METCALFE'S MARKET WAUWATOSA WI,$80.47,Supermarkets
4/20/24,4/20/24,MURF'S FROZEN CUSTARD-BR BROOKFIELD WI,$31.89,Restaurants
4/20/24,4/20/24,PAW*BREW CITY PICKLES MILWAUKEE WI,$20.00,Supermarkets
4/20/24,4/20/24,TST* MISS MOLLYS CAFE 414-249-5665 WI00037390017231724330AA,$39.68,Restaurants
4/22/24,4/22/24,SPECTRUM 855-707-7328 MORC872913005,$71.99,Services
4/23/24,4/23/24,5-365 FOOD SERVICE TROY MI,$3.60,Restaurants
4/23/24,4/23/24,CENTRAL BARK-BROOKFIELD 262-781-5554 WI,$10.51,Services
4/23/24,4/23/24,LEGACY GYM MKE 262-989-6696 WI,$19.00,Travel/ Entertainment
4/23/24,4/23/24,PAYMENT - THANK YOU,"-$5,500.00",Payments and Credits
4/24/24,4/24/24,5-365 FOOD SERVICE TROY MI,$4.39,Restaurants
4/24/24,4/24/24,AAA INSURANCE GW EFT 800-222-6424 MI,$609.91,Services
4/24/24,4/24/24,AAA INSURANCE GW EFT 800-222-6424 MI,$984.79,Services
4/24/24,4/24/24,COLECTIVO COFFEE ROAST 4142733747 WIAPPLE PAY ENDING IN 7049,$13.16,Supermarkets
4/24/24,4/24/24,ORDER.NOODLES.COM 2122600895 COAPPLE PAY ENDING IN 7049,$39.15,Restaurants
4/25/24,4/25/24,5-365 FOOD SERVICE TROY MI,$1.38,Restaurants
4/25/24,4/25/24,BCS*MPP WAUWATOSA SCHOOL WAUWATOSA WI,$50.00,Education
4/25/24,4/25/24,MILTOWN EATS LLC 4144349799 WI,$50.00,Supermarkets
4/25/24,4/25/24,PAYPAL *HULU 402-935-7733 CA,$8.62,Services
4/25/24,4/25/24,TOPPERS PIZZA MENOMONEE 2622570707 WI,$25.32,Restaurants
4/25/24,4/25/24,TOSA DENTAL LLC WAUWATOSA WI,$287.00,Medical Services
4/26/24,4/26/24,METCALFE'S MARKET WAUWATOSA WI,$93.65,Supermarkets
4/26/24,4/26/24,PY *KETTLE RANGE MEAT CO MILWAUKEE WI,$51.85,Supermarkets
4/27/24,4/27/24,5-365 FOOD SERVICE TROY MI,$9.65,Restaurants
4/27/24,4/27/24,ELLIOTT ACE HDWE ELM GROVE WI,$53.35,Home Improvement
4/27/24,4/27/24,FIDDLEHEADS COFFEE ROAST WAUWATOSA WI,$13.71,Restaurants
4/27/24,4/27/24,RAY'S WINE AND SPIRITS WAUWATOSA WIAPPLE PAY ENDING IN 3896,$31.74,Merchandise
4/27/24,4/27/24,THE HOME DEPOT #4923 WAUWATOSA WI,$43.62,Home Improvement
4/28/24,4/28/24,CHIPOTLE ONLINE 949-524-4000 CA,$23.16,Restaurants
4/28/24,4/28/24,RAY'S WINE AND SPIRITS WAUWATOSA WI,$63.05,Merchandise
4/28/24,4/28/24,SQ *BIG WHITE YETI WAUWATOSA WI0002305843019741859996,$53.95,Supermarkets
4/28/24,4/28/24,SQ *HIGHLANDS HONEY WAUWATOSA WI0002305843019742050493,$14.00,Supermarkets
4/29/24,4/29/24,GILLES FROZEN CUSTARD MILWAUKEE WI,$17.46,Restaurants
4/29/24,4/29/24,GIRL SCOUTS OF THE USA 212-852-6587 NY,$35.00,Services
4/29/24,4/29/24,SQ *MILWAUKEE FARMERS GOSQ.COM WI0002305843019745176613,$33.50,Supermarkets
4/30/24,4/30/24,5-365 FOOD SERVICE TROY MI,$1.00,Restaurants
4/30/24,4/30/24,5-365 FOOD SERVICE TROY MI,$2.25,Restaurants
4/30/24,4/30/24,CENTRAL BARK-BROOKFIELD 262-781-5554 WI,$60.05,Services
4/30/24,4/30/24,RIGHT AT SCHOOL 8552872466 IL,$154.00,Education
4/30/24,4/30/24,WP 1OAKFIBERSLLC SAN FRANCISCOCAAPPLE PAY ENDING IN 7049,$47.25,Services
5/1/24,5/1/24,LEGACY GYM MKE 262-989-6696 WI,$19.00,Travel/ Entertainment
5/1/24,5/1/24,MED*FROEDTERT HEALTH I 800-803-8155 WI243843222,$36.42,Medical Services
5/1/24,5/1/24,MURF'S FROZEN CUSTARD-BR BROOKFIELD WI,$40.01,Restaurants
5/1/24,5/1/24,PAYPAL *CHEWY INC 888-221-1161 CA,$36.31,Merchandise
5/2/24,5/2/24,5-365 FOOD SERVICE TROY MI,$3.47,Restaurants
5/2/24,5/2/24,MILTOWN EATS LLC 4144349799 WI,$50.00,Supermarkets
5/2/24,5/2/24,PAYPAL *CHEWY INC 888-221-1161 CA,$144.68,Merchandise
5/2/24,5/2/24,SALON MARIE LLC HALES CORNERSWI,$34.00,Services
5/2/24,5/2/24,SCHOLASTIC BOOK FAIRS R4 LAKE MARY FL,$41.00,Education
5/2/24,5/2/24,SENDIK'S WAUWATOSA WAUWATOSA WIAPPLE PAY ENDING IN 3896,$5.95,Supermarkets
5/2/24,5/2/24,WAUWATOSA SCHOOL OF MUSI WAUWATOSA WI,$108.00,Services
5/3/24,5/3/24,5-365 FOOD SERVICE TROY MI,$4.91,Restaurants
5/3/24,5/3/24,DINING TROY MI,$3.51,Restaurants
5/3/24,5/3/24,FIDDLEHEADS COFFEE ROAST WAUWATOSA WI,$15.61,Restaurants
5/3/24,5/3/24,IL MITO MILWAUKEE WI,$101.00,Restaurants
5/3/24,5/3/24,SQ *JOY ICE CREAM SOCI WAUWATOSA WI0001152921513982496527,$17.73,Supermarkets
5/4/24,5/4/24,CAFE HOLLANDER W STATE 414-475-6771 WI,$18.90,Restaurants
5/4/24,5/4/24,COLLECTORS EDGE COMICS MILWAUKEE WI,$20.46,Merchandise
5/4/24,5/4/24,GIGIS PLAYHOUSE INC 8478857529 IL,$82.70,Services
5/4/24,5/4/24,PP*LOVE YOUR FACE SKINCA WAUWATOSA WI,$316.61,Services
5/4/24,5/4/24,SP NOURISH NATURAL P 4142310955 WI,$50.84,Merchandise
5/4/24,5/4/24,SQ *HAPPY BUDDHA BOUTI MILWAUKEE WI0001152921513986992564,$21.00,Supermarkets
5/5/24,5/5/24,APPLE.COM/BILL 866-712-7753 CAMKQY401GYZA0,$15.87,Merchandise
5/5/24,5/5/24,KICKSTARTER.COM 3479902238 NY,$35.00,Merchandise
5/5/24,5/5/24,MICROSOFT G045619367 REDMOND WA,$13.24,Merchandise
5/5/24,5/5/24,SENDIK'S WAUWATOSA WAUWATOSA WIAPPLE PAY ENDING IN 3896,$53.88,Supermarkets
5/5/24,5/5/24,SQ *THE TURNING PAGE MILWAUKEE WI0002305843019760775398,$20.21,Merchandise
5/6/24,5/6/24,GILLES FROZEN CUSTARD MILWAUKEE WI,$15.35,Restaurants
5/6/24,5/6/24,SP THE REAL GOOD LIFE 2624215751 WI,$69.58,Restaurants
5/7/24,5/7/24,5-365 FOOD SERVICE TROY MI,$7.41,Restaurants
5/7/24,5/7/24,CENTRAL BARK-BROOKFIELD 262-781-5554 WI,$5.26,Services
5/7/24,5/7/24,TMOBILE*WEB ORDER 800-672-5390 WAAPPLE PAY ENDING IN 70495591227447,$10.27,Services
5/8/24,5/8/24,5-365 FOOD SERVICE TROY MI,$2.12,Restaurants
5/8/24,5/8/24,SQ *JOY ICE CREAM SOCI WAUWATOSA WI0001152921514011330965,$20.18,Supermarkets
5/8/24,5/8/24,SQ *SMOKE RING BBQ LLC WAUKESHA WI0001152921514010793516,$39.71,Travel/ Entertainment
5/8/24,5/8/24,TST* LION'S TAIL BREWING WAUWATOSA WI,$15.00,Restaurants
5/9/24,5/9/24,5-365 FOOD SERVICE TROY MI,$4.05,Restaurants
5/9/24,5/9/24,FIDDLEHEADS COFFEE ROAST WAUWATOSA WI,$27.61,Restaurants
5/9/24,5/9/24,KOPP'S ON BLUEMOUND BROOKFIELD WI,$38.71,Restaurants
5/9/24,5/9/24,LEGACY GYM MKE 262-989-6696 WI,$95.00,Travel/ Entertainment
5/9/24,5/9/24,LEGACY GYM MKE 262-989-6696 WI,$165.00,Travel/ Entertainment
5/9/24,5/9/24,MILTOWN EATS LLC 4144349799 WI,$50.00,Supermarkets
5/10/24,5/10/24,5-365 FOOD SERVICE TROY MI,$1.60,Restaurants
5/10/24,5/10/24,CULVERS BROOKFIELD 2 OLO 232-781-6610 WI,$26.43,Restaurants
5/11/24,5/11/24,5-365 FOOD SERVICE TROY MI,$5.25,Restaurants
5/12/24,5/12/24,FAZOLIS 2122600895 WI,$16.46,Restaurants
5/12/24,5/12/24,SENDIK'S WAUWATOSA WAUWATOSA WIAPPLE PAY ENDING IN 3896,$38.22,Supermarkets
5/12/24,5/12/24,SQ *HAPPY BUDDHA BOUTI MILWAUKEE WI0002305843019783682456,$132.30,Supermarkets
5/12/24,5/12/24,TST* NOTHING BUNDT CAKES BROOKFIELD WI,$23.00,Merchandise
5/13/24,5/13/24,TST* MIDTOWN GRILL 414-837-6400 WIAPPLE PAY ENDING IN 704900039277017657630729AA,$44.67,Restaurants
5/14/24,5/14/24,88NINE RADIO MILWAUKEE 4148927928 WI,$15.00,Services
5/14/24,5/14/24,AMZN MKTP US*9L1E121N3 AMZN.COM/BILLWA3INV5NEQMRS,$33.33,Merchandise
5/14/24,5/14/24,AMZN MKTP US*LD0W43XA3 AMZN.COM/BILLWA3RENYOGREP5,$33.03,Merchandise
5/14/24,5/14/24,CENTRAL BARK-BROOKFIELD 262-781-5554 WI,$5.26,Services
5/14/24,5/14/24,CHIPOTLE ONLINE 949-524-4000 CA,$38.00,Restaurants
5/14/24,5/14/24,RIGHT AT SCHOOL 8552872466 IL,$154.00,Education
5/15/24,5/15/24,5-365 FOOD SERVICE TROY MI,$2.59,Restaurants
5/15/24,5/15/24,SQ *HAPPY BUDDHA BOUTI MILWAUKEE WI0001152921514065942826,$33.60,Supermarkets
5/16/24,5/16/24,5-365 FOOD SERVICE TROY MI,$5.11,Restaurants
5/16/24,5/16/24,TST* MIDTOWN GRILL 414-837-6400 WIAPPLE PAY ENDING IN 704900039277017705967148AA,$17.14,Restaurants
5/17/24,5/17/24,DSW INC. 614-237-7100 OHAPPLE PAY ENDING IN 7049,$50.77,Merchandise
5/17/24,5/19/24,5-365 FOOD SERVICE TROY MI,$4.11,Restaurants
5/17/24,5/19/24,CHICK-FIL-A #03576 4145710048 WIAPPLE PAY ENDING IN 7049,$29.14,Restaurants
5/17/24,5/19/24,ULTIMATE NINJAS OAK CREE 414-307-4411 WI,$15.00,Travel/ Entertainment
5/18/24,5/19/24,COLECTIVO COFFEE ROAST 4142733747 WIAPPLE PAY ENDING IN 7049,$26.31,Supermarkets
5/18/24,5/19/24,FAZOLI S #5247 -INT WEST ALLIS WI,$133.00,Restaurants
5/18/24,5/19/24,METCALFE'S MARKET WAUWATOSA WI,$88.57,Supermarkets
5/18/24,5/19/24,WILDE TOYOTA WEST ALLIS WI,$500.00,Automotive
5/19/24,5/19/24,ELLIOTT ACE HDWE ELM GROVE WI,$48.91,Home Improvement
5/19/24,5/19/24,SP ORO DI OLIVA 4143134665 WI,$66.00,Supermarkets
5/20/24,5/20/24,ICP*ULTIMATE NINJAS OAK 414-307-4411 WIICP*ULTIMATE NINJAS OAK,$405.00,Education
5/20/24,5/20/24,LEGACY GYM MKE 262-989-6696 WI,$299.00,Travel/ Entertainment
5/21/24,5/21/24,CENTRAL BARK-BROOKFIELD 262-781-5554 WI,$5.26,Services
5/21/24,5/21/24,DSW INC. 614-237-7100 OHAPPLE PAY ENDING IN 7049,-$42.35,Payments and Credits
5/21/24,5/21/24,KETTLE RANGE MEAT COMPAN MILWAUKEE WI,$64.38,Supermarkets
5/21/24,5/21/24,SENDIK'S WAUWATOSA WAUWATOSA WIAPPLE PAY ENDING IN 3896,$8.48,Supermarkets
5/21/24,5/21/24,TST* MISS MOLLYS CAFE 414-249-5665 WIAPPLE PAY ENDING IN 704900037390017824416457AA,$17.34,Restaurants
5/22/24,5/22/24,CULVERS BROOKFIELD 2 OLO 232-781-6610 WI,$27.27,Restaurants
5/22/24,5/22/24,PAYMENT - THANK YOU,"-$6,000.00",Payments and Credits
5/22/24,5/22/24,SPECTRUM 855-707-7328 MORC939166195,$71.99,Services
5/22/24,5/22/24,SQ *BLACK TWIG BAKERY WAUWATOSA WI0002305843019837254690,$13.56,Merchandise
5/23/24,5/23/24,365 MARKET K 888 432-329 TROY MI,$3.56,Restaurants
5/23/24,5/23/24,5-365 FOOD SERVICE TROY MI,$3.50,Restaurants
5/23/24,5/23/24,DSW INC. 614-237-7100 OHAPPLE PAY ENDING IN 7049,$45.13,Merchandise
5/24/24,5/24/24,5-365 FOOD SERVICE TROY MI,$1.00,Restaurants
5/24/24,5/24/24,5-365 FOOD SERVICE TROY MI,$2.58,Restaurants
5/24/24,5/24/24,CENTRAL BARK-BROOKFIELD 262-781-5554 WI,$399.38,Services
5/24/24,5/24/24,CHIPOTLE ONLINE 949-524-4000 CA,$33.78,Restaurants
5/24/24,5/24/24,USPS PO 5672200227 MILWAUKEE WI,$13.60,Government Services
5/25/24,5/25/24,EXXONMOBIL WAUWATOSA WI,$28.58,Gasoline
5/25/24,5/25/24,FIDDLEHEADS COFFEE ROAST WAUWATOSA WI,$20.55,Restaurants
5/25/24,5/25/24,PAYPAL *HULU 888-221-1161 CA,$8.62,Services
5/25/24,5/25/24,RAY'S WINE AND SPIRITS WAUWATOSA WIAPPLE PAY ENDING IN 3896,$56.37,Merchandise
5/25/24,5/25/24,SENDIK'S ELM GROVE ELM GROVE WIAPPLE PAY ENDING IN 3896,$60.80,Supermarkets
5/25/24,5/25/24,SQ *AROMATIC ACRES WAUWATOSA WI0001152921514117494132,$21.18,Supermarkets
5/25/24,5/25/24,SQ *THE DAIRY ZONE FOOTVILLE WI0001152921514117171846,$25.00,Supermarkets
5/25/24,5/25/24,SQ *TOSA FARMERS MARKE WAUWATOSA WI0001152921514117376564,$26.00,Supermarkets
5/25/24,5/25/24,TST* BLUES EGG MILWAUKEE WI00091966017899928019AA,$19.55,Restaurants
5/26/24,5/26/24,#492028TOPPIZTOSA WAUWATOSA WI,$8.06,Restaurants
5/26/24,5/26/24,THE HOME DEPOT #4923 WAUWATOSA WI,$115.31,Home Improvement
5/27/24,5/27/24,RIGHT AT SCHOOL 8552872466 IL,$139.00,Education
5/28/24,5/28/24,CENTRAL BARK-BROOKFIELD 262-781-5554 WI,$5.26,Services
5/28/24,5/28/24,VSI*TOSAREC ONLINE 414-773-2905 WIVSI*TOSAREC ONLINE,$40.00,Government Services
5/29/24,5/29/24,CHICK-FIL-A #03252 2623730609 WIAPPLE PAY ENDING IN 7049,$28.76,Restaurants
5/29/24,5/29/24,SP THE REAL GOOD LIFE 2624215751 WI,$81.98,Restaurants
5/29/24,5/31/24,AAA INS GW RCCREF DEARBORN MI,-$11.27,Payments and Credits
5/30/24,5/30/24,5-365 FOOD SERVICE TROY MI,$2.73,Restaurants
5/30/24,5/30/24,MILTOWN EATS LLC 4144349799 WI,$50.00,Supermarkets
5/30/24,5/30/24,WI STATE PARKS PASS 888-859-6183 KS,$26.16,Government Services
5/30/24,5/30/24,WI STATE PARKS PASS 888-859-6183 KS,$46.02,Government Services
5/31/24,5/31/24,DAIRY QUEEN #42163 MENOMONEE FALWI,$6.07,Restaurants
5/31/24,5/31/24,NOODLES & CO 209 MENOMONEE FALWI,$26.56,Restaurants
6/1/24,6/1/24,KETTLE RANGE MEAT COMPAN MILWAUKEE WI,$25.00,Supermarkets
6/1/24,6/1/24,LE #897 BROOKFIELD BROOKFIELD WI,$52.26,Merchandise
6/1/24,6/1/24,LS RUCKUS & GLEE 4143953201 WI,$66.64,Merchandise
6/1/24,6/1/24,SQ *BRUTE SOURDOUGH PI WAUWATOSA WI0002305843019856677809,$30.00,Restaurants
6/1/24,6/1/24,SQ *TOSA FARMERS MARKE WAUWATOSA WI0002305843019856764424,$36.00,Supermarkets
6/2/24,6/2/24,WAUWATOSA SCHOOL OF MUSI WAUWATOSA WI,$108.00,Services
6/4/24,6/4/24,5-365 FOOD SERVICE TROY MI,$1.08,Restaurants
6/4/24,6/4/24,CENTRAL BARK-BROOKFIELD 262-781-5554 WI,$10.51,Services
6/4/24,6/4/24,SENDIK'S WAUWATOSA WAUWATOSA WIAPPLE PAY ENDING IN 3896,$9.28,Supermarkets
6/5/24,6/5/24,CHICK-FIL-A #03533 4143274885 WI,$28.14,Restaurants
6/5/24,6/5/24,MICROSOFT G048350806 REDMOND WA,$13.24,Merchandise
6/5/24,6/5/24,SALON MARIE LLC HALES CORNERSWI,$34.00,Services
6/5/24,6/5/24,SQ *BLACK TWIG BAKERY WAUWATOSA WI0002305843019887510888,$15.16,Merchandise
6/6/24,6/6/24,REI #60 BROOKFIELD BROOKFIELD WI2271990600016580,$28.30,Merchandise
6/7/24,6/7/24,SQ *JOY ICE CREAM SOCI WAUWATOSA WI0002305843019904189392,$17.73,Supermarkets
6/8/24,6/8/24,GILLES FROZEN CUSTARD MILWAUKEE WI,$45.74,Restaurants
6/8/24,6/8/24,TST* BB'S ON NORTH WAUWATOSA WI,$54.00,Restaurants
6/8/24,6/8/24,WAUWATOSA PUBLIC LIBRARY 4142299881 WI,$150.00,Services
6/9/24,6/9/24,JULIES PARK CAFE & MOTEL FISH CREEK WI,"$1,106.60",Travel/ Entertainment
6/9/24,6/9/24,LEGACY GYM MKE 262-989-6696 WI,$95.00,Travel/ Entertainment
6/9/24,6/9/24,PANERA BREAD #601548 O 414-831-7777 WIAPPLE PAY ENDING IN 70491111828845,$18.99,Restaurants
6/9/24,6/9/24,PETSMART # 1386 SHEBOYGAN FALWI,$44.19,Merchandise
6/9/24,6/9/24,SENDIK'S WAUWATOSA WAUWATOSA WIAPPLE PAY ENDING IN 3896,$23.48,Supermarkets
6/10/24,6/10/24,BAY VIEW FISH CREEK WI,$27.28,Merchandise
6/10/24,6/10/24,CONFECTIONERY FISH CRE FISH CREEK WI01073P,$12.52,Merchandise
6/10/24,6/10/24,GOOD TIMES GREAT LAKES FISH CREEK WI,$30.60,Merchandise
6/10/24,6/10/24,HIDE SIDE CORNER STORE FISH CREEK WI,$18.94,Merchandise
6/10/24,6/10/24,SQ *EVERGREEN MINIATUR FISH CREEK WI0002305843019926124381,$31.50,Travel/ Entertainment
6/10/24,6/10/24,SQ *KNIT WHIT'S YARN & BAILEYS HARBOWI0002305843019925584020,$30.60,Merchandise
6/10/24,6/10/24,SQ *NOT LICKED YET FRO FISH CREEK WI0002305843019926605249,$20.73,Restaurants
6/10/24,6/10/24,THE RIDGES 9208392802 WI,$66.40,Services
6/10/24,6/10/24,THE THIRSTY COW TAPHOUSE BAILEYS HARBOWI,$76.00,Restaurants
6/10/24,6/10/24,THE WHITE GULL INN RESTA FISH CREEK WI,$58.55,Restaurants
6/10/24,6/10/24,THE WHITE GULL INN RESTA FISH CREEK WI,$69.65,Restaurants
6/10/24,6/10/24,WILD TOMATO WOOD-FIRED P FISH CREEK WI,$70.00,Restaurants
6/11/24,6/11/24,FISH CREEK MARKET FISH CREEK WI,$81.35,Supermarkets
6/11/24,6/11/24,HANDS ON ART STUDIO FISH CREEK WI,$63.92,Merchandise
6/11/24,6/11/24,PP*WALKING MOUNTAIN STURGEON BAY WI,$15.83,Merchandise
6/11/24,6/11/24,SQ *ANALOG SISTER BAY SISTER BAY WI0002305843019932254575,$18.98,Restaurants
6/11/24,6/11/24,SQ *DOOR COUNTY CUSTOM STURGEON BAY WI0002305843019927909260,$25.00,Travel/ Entertainment
6/11/24,6/11/24,SQ *LITTLE HARBOR DESI STURGEON BAY WI0002305843019928329644,$42.20,Merchandise
6/11/24,6/11/24,SQ *STURGEON BAY STURGEON BAY WI0002305843019928263638,$25.32,Supermarkets
6/11/24,6/11/24,SQ *SULLY'S PRODUCE LL STURGEON BAY WI0002305843019927861874,$10.00,Supermarkets
6/11/24,6/11/24,TST* SOLAGO SISTER BAY WI00113337018235956705AA,$84.00,Restaurants
6/12/24,6/12/24,EDGEWOOD ORCHARD GALLERI FISH CREEK WI,$41.16,Merchandise
6/12/24,6/12/24,GRUMPYS EGG HARBOR WI,$5.54,Supermarkets
6/12/24,6/12/24,GRUMPYS EGG HARBOR WI,$8.91,Supermarkets
6/12/24,6/12/24,SQ *ANCHORED ROOTS VIN EGG HARBOR WI0002305843019936950262,$63.03,Merchandise
6/12/24,6/12/24,SQ *NAN & JERRY'S DOOR EGG HARBOR WI0002305843019937069849,$22.13,Merchandise
6/12/24,6/12/24,SQ *NOT LICKED YET FRO FISH CREEK WI0002305843019938311475,$12.40,Restaurants
6/12/24,6/12/24,TST* CASEYS BBQ & SMOK EGG HARBOR WI00136237018251000329AA,$73.46,Restaurants
6/12/24,6/12/24,TST* JULIES PARK CAFE FISH CREEK WI,$46.13,Restaurants
6/13/24,6/13/24,MILTOWN EATS LLC 4144349799 WI,$50.00,Supermarkets
6/13/24,6/13/24,SQ *BLUE HORSE BEACH C FISH CREEK WI0002305843019939572936,$36.12,Restaurants
6/13/24,6/13/24,"SQ *BOOKMAN HOLDINGS, FISH CREEK WI0002305843019940120053",$23.73,Merchandise
6/13/24,6/13/24,SQ *SARA'S ARTISAN GEL FISH CREEK WI0002305843019946516257,$18.69,Supermarkets
6/13/24,6/13/24,THYME RESTAURANT & CATER SISTER BAY WI,$103.42,Restaurants
6/14/24,6/14/24,88NINE RADIO MILWAUKEE 4148927928 WI,$15.00,Services
6/14/24,6/14/24,CKE*DOOR COUNTY ICE CREA SISTER BAY WI,$11.17,Restaurants
6/14/24,6/14/24,DOOR COUNTY CANDY STURGEON BAY WI,$14.66,Merchandise
6/14/24,6/14/24,SQ *CLARIO FARMSTEAD P STURGEON BAY WI0002305843019952730267,$10.00,Supermarkets
6/14/24,6/14/24,SQ *FIKA OF FISH CREEK FISH CREEK WI0002305843019949108125,$34.27,Merchandise
6/14/24,6/14/24,SQ *GRASSE?S GRILL SISTER BAY WI0002305843019956218144,$58.08,Restaurants
6/14/24,6/14/24,SQ *NOVEL BAY BOOKSELL STURGEON BAY WI0002305843019953379615,$13.70,Merchandise
6/14/24,6/14/24,THE FARM INC STURGEON BAY WI,$39.98,Travel/ Entertainment
6/14/24,6/14/24,THE FARM INC STURGEON BAY WI,$50.00,Travel/ Entertainment
6/14/24,6/14/24,TST* THE GNOSHERY STURGEON BAY WI00039994018284790849AA,$39.16,Restaurants
6/15/24,6/15/24,CULVERS OF SHEBOYGAN 385 SHEBOYGAN WI,$26.55,Restaurants
6/15/24,6/15/24,REI #60 BROOKFIELD BROOKFIELD WI2400120600071738,$190.05,Merchandise
6/15/24,6/15/24,RENARDS CHEESE STURGEON BAY WI,$104.89,Merchandise
6/15/24,6/15/24,SENDIK'S WAUWATOSA WAUWATOSA WIAPPLE PAY ENDING IN 3896,$48.30,Supermarkets
6/15/24,6/15/24,TST* JULIES PARK CAFE FISH CREEK WI00096547018308067714AA,$57.33,Restaurants
6/16/24,6/16/24,JULIES PARK CAFE & MOTEL FISH CREEK WI,$227.00,Travel/ Entertainment
6/16/24,6/16/24,SENDIK'S ELM GROVE ELM GROVE WI,$21.18,Supermarkets
6/19/24,6/19/24,5-365 FOOD SERVICE TROY MI,5.25,Restaurants
6/19/24,6/19/24,LS CREAM CITY YARN 2629237014 WI,35.6,Merchandise
6/19/24,6/19/24,SP POCO PIZZA 9209482878 WIAPPLE PAY ENDING IN 7049,110,Supermarkets
6/19/24,6/19/24,TST* BRIDGEWATER MILWAUKEE WI00098237018380361591AA,67.1,Restaurants
6/20/24,6/20/24,MILTOWN EATS LLC 4144349799 WI,50,Supermarkets
6/20/24,6/20/24,PANERA BREAD #606249 O 855-372-6372 WIAPPLE PAY ENDING IN 70496051715742903218,32.81,Restaurants
6/21/24,6/21/24,5-365 FOOD SERVICE TROY MI,4.68,Restaurants
6/21/24,6/21/24,PF CHANGS #9913 OLO 111-111-1111 WI,55.54,Restaurants
6/21/24,6/21/24,SENDIK'S WAUWATOSA WAUWATOSA WIAPPLE PAY ENDING IN 3896,17.41,Supermarkets
6/22/24,6/22/24,COLECTIVO COFFEE ROAST 4142733747 WIAPPLE PAY ENDING IN 7049,10.71,Supermarkets
6/22/24,6/22/24,PP*LOVE YOUR FACE SKINCA WAUWATOSA WI,207,Services
6/22/24,6/22/24,SPECTRUM 855-707-7328 MORC1008309513,71.99,Services
6/23/24,6/23/24,FIDDLEHEADS COFFEE ROAST WAUWATOSA WI,23.42,Restaurants
6/23/24,6/23/24,PAYPAL *OOFOS LLC 888-221-1161 CA,47.64,Merchandise
6/23/24,6/23/24,SENDIK'S WAUWATOSA WAUWATOSA WIAPPLE PAY ENDING IN 3896,51.66,Supermarkets
6/23/24,6/23/24,SP ORO DI OLIVA 4143134665 WIAPPLE PAY ENDING IN 7049,20,Supermarkets
6/24/24,6/24/24,MED*FROEDTERT HEALTH I 800-803-8155 WI263302592,26.74,Medical Services
6/24/24,6/24/24,TODDYCAFE.COM 9704930788 CO,37.29,Merchandise
6/25/24,6/25/24,CENTRAL BARK-BROOKFIELD 262-781-5554 WI,10.51,Services
6/25/24,6/25/24,PAYPAL *HULU 888-221-1161 CA,8.62,Services
6/26/24,6/26/24,5-365 FOOD SERVICE TROY MI,3.62,Restaurants
6/26/24,6/26/24,CHICK-FIL-A #03252 2623730609 WIAPPLE PAY ENDING IN 7049,28.76,Restaurants
6/27/24,6/27/24,MILTOWN EATS LLC 4144349799 WI,50,Supermarkets
6/27/24,6/27/24,TST* MISS MOLLYS CAFE 414-249-5665 WIAPPLE PAY ENDING IN 704900037390018543850162AA,14.27,Restaurants
6/28/24,6/28/24,GILLES FROZEN CUSTARD MILWAUKEE WI,45.3,Restaurants
6/29/24,6/29/24,ROSEBUD CINEMA DRAFTHOUS MILWAUKEE WI,20,Travel/ Entertainment
6/29/24,6/29/24,ROSEBUD CINEMA DRAFTHOUS MILWAUKEE WI,23,Travel/ Entertainment
6/29/24,6/29/24,RUCKUS & GLEE 4143953201 WI,33.87,Merchandise
6/30/24,6/30/24,COLECTIVO COFFEE ROAST 4142733747 WIAPPLE PAY ENDING IN 7049,28.84,Supermarkets
6/30/24,6/30/24,GIRL SCOUTS OF THE USA 212-852-6587 NY,25,Services
6/30/24,6/30/24,GS WISCONSIN SOUTHEAST 800-565-4475 WI,25,Services
6/30/24,6/30/24,PAYPAL *NOURISHNATU 888-221-1161 CA,40.23,Merchandise
6/30/24,6/30/24,SENDIK'S WAUWATOSA WAUWATOSA WIAPPLE PAY ENDING IN 3896,28.84,Supermarkets
6/30/24,6/30/24,WAUWATOSA ACE HARDWARE WAUWATOSA WI,72.37,Home Improvement
7/1/24,7/1/24,CHIPOTLE ONLINE 949-524-4000 CA,25.99,Restaurants
7/1/24,7/1/24,PAYMENT - THANK YOU,"-7,229.08",Payments and Credits
7/2/24,7/2/24,CENTRAL BARK-BROOKFIELD 262-781-5554 WI,10.51,Services
7/2/24,7/2/24,WAUWATOSA SCHOOL OF MUSI WAUWATOSA WI,108,Services
7/3/24,7/3/24,5-365 FOOD SERVICE TROY MI,0.92,Restaurants
7/3/24,7/3/24,COLECTIVO COFFEE ROAST 4142733747 WIAPPLE PAY ENDING IN 7049,9.18,Supermarkets
7/3/24,7/3/24,FRIENDS OF NATURE MENOMONEE FALWI,66.14,Merchandise
7/3/24,7/3/24,ORDER.NOODLES.COM 2122600895 COAPPLE PAY ENDING IN 7049,34.31,Restaurants
7/5/24,7/5/24,CENTRAL BARK-BROOKFIELD 262-781-5554 WI,131.39,Services
7/5/24,7/5/24,IL TOLLWAY-WEB 630-241-6800 IL,20,Travel/ Entertainment
7/5/24,7/5/24,ITR CONCESSION COMPANY L ELKHART IN,4.8,Travel/ Entertainment
7/5/24,7/5/24,MCDONALD'S F28956 SOUTH HOLLANDIL,20.8,Restaurants
7/5/24,7/5/24,MICROSOFT G052216877 REDMOND WA,13.24,Merchandise
7/5/24,7/5/24,PANDA EXPRESS 1043 SOUTH HOLLANDIL,12.05,Restaurants
7/6/24,7/6/24,5-365 FOOD SERVICE TROY MI,4.31,Restaurants
7/6/24,7/6/24,FIVE GUYS IN 497 QSR SOUTH BEND IN,31.56,Restaurants
7/6/24,7/6/24,HAMMES NOTRE DAME BK ECK NOTRE DAME IN,133.66,Merchandise
7/6/24,7/6/24,ORDER.NOODLES.COM 2122600895 COAPPLE PAY ENDING IN 7049,10.43,Restaurants
7/6/24,7/6/24,SQ *MILWAUKEE ELECTRIC GOSQ.COM WI0002305843020117893926,165.13,Home Improvement
7/7/24,7/7/24,ITR CONCESSION COMPANY L ELKHART IN,4.8,Travel/ Entertainment
7/7/24,7/7/24,IVY COURT INN AND SUIT SOUTH BEND IN,319.7,Travel/ Entertainment
7/7/24,7/7/24,MICHAELS STORES 6709 BROOKFIELD WI6709005318882407071538,39.82,Merchandise
7/7/24,7/7/24,SENDIK'S ELM GROVE ELM GROVE WIAPPLE PAY ENDING IN 3896,130.42,Supermarkets
7/7/24,7/7/24,TST* HEIRLOOM MKE BAY VIEW WI00143608018748538132AA,132.74,Restaurants
7/8/24,7/8/24,SQ *TREE-RIPE FRUIT CO MILWAUKEE WI0002305843020132934238,46,Supermarkets
7/9/24,7/9/24,5-365 FOOD SERVICE TROY MI,2.33,Restaurants
7/9/24,7/9/24,CULVERS 2122600895 WI,18.88,Restaurants
7/9/24,7/9/24,EVERVET WAUWATOSA WI,240.8,Services
7/9/24,7/9/24,LEGACY GYM MKE 262-989-6696 WI,95,Travel/ Entertainment
7/10/24,7/10/24,5-365 FOOD SERVICE TROY MI,0.75,Restaurants
7/11/24,7/11/24,PANERA BREAD #606249 O 855-372-6372 WIAPPLE PAY ENDING IN 70496051715749570583,36.07,Restaurants
7/11/24,7/11/24,SENDIK'S WAUWATOSA WAUWATOSA WIAPPLE PAY ENDING IN 3896,5.38,Supermarkets
7/11/24,7/11/24,SOMMER'S INC. MEQUON WI6075611,859.56,Automotive
7/12/24,7/12/24,5-365 FOOD SERVICE TROY MI,2.27,Restaurants
7/12/24,7/12/24,SQ *HAPPY BUDDHA BOUTI WAUWATOSA WI0002305843020161610068,62.36,Supermarkets
7/12/24,7/12/24,SQ *JOY ICE CREAM SOCI WAUWATOSA WI0002305843020162924341,0.37,Supermarkets
7/12/24,7/12/24,SQ *JOY ICE CREAM SOCI WAUWATOSA WI0002305843020162916833,13.39,Supermarkets
7/12/24,7/12/24,TST* MAXIES MILWAUKEE WI00091948018836234915AA,35.31,Restaurants
7/13/24,7/13/24,5-365 FOOD SERVICE TROY MI,4.26,Restaurants
7/13/24,7/13/24,NAIL DESIGNS WAUWATOSA WI,78,Services
7/13/24,7/13/24,SQ *HAPPY BUDDHA BOUTI WAUWATOSA WI0002305843020167084420,86.65,Supermarkets
7/13/24,7/13/24,SQ *VALENTINE COFFEE C WAUWATOSA WI0002305843020164201329,34,Restaurants
7/13/24,7/13/24,SULLIVAN JEWELERS BROOKFIELD WI01366P,168,Merchandise
7/13/24,7/13/24,TST* MISS MOLLYS CAFE MILWAUKEE WI00037390018856099983AA,26.43,Restaurants
7/14/24,7/14/24,88NINE RADIO MILWAUKEE 4148927928 WI,15,Services
7/14/24,7/14/24,BL - OPEN HEARTH LODGE SISTER BAY WI,952.79,Travel/ Entertainment
7/14/24,7/14/24,CHEF'S HAT CAFE EPHRAIM WI,83.01,Restaurants
7/14/24,7/14/24,CULVERS OF SHEBOYGAN 513 SHEBOYGAN WI,25.91,Restaurants
7/14/24,7/14/24,ZOOLOGICAL SOCIETY OF MI 4142582333 WI,61.8,Services
7/15/24,7/15/24,FH* DOOR COUNTY TROLLE 8554955551 WIAPPLE PAY ENDING IN 7049,107.99,Travel/ Entertainment
7/15/24,7/15/24,JENNIE BEXELL 9208574185 WI,72.1,Merchandise
7/15/24,7/15/24,SQ *GRASSE?S GRILL SISTER BAY WI0002305843020183504928,65.2,Restaurants
7/15/24,7/15/24,SQ *THE VAULT DOOR COU ELLISON BAY WI0002305843020181939996,41.03,Supermarkets
7/15/24,7/15/24,THE CLEARING ELLISON BAY WI,62.72,Education
7/15/24,7/15/24,TST* BLUE BEAR- ELLISO ELLISON BAY WI00088318018902385707AA,100.9,Restaurants
7/16/24,7/16/24,LS ALPACA TO APPAREL 9205361394 WI,109.67,Merchandise
7/16/24,7/16/24,SKYWAY DRIVE IN THEATRE FISH CREEK WI,27.04,Travel/ Entertainment
7/16/24,7/16/24,SQ *SIP & SPOT HOME SISTER BAY WI0002305843020187207373,76.24,Merchandise
7/17/24,7/17/24,CONFECTIONERY SISTER B SISTER BAY WI01724P,19.11,Merchandise
7/17/24,7/17/24,SQ *DOOR COUNTY TROLLE EGG HARBOR WI0002305843020193687708,33.72,Supermarkets
7/17/24,7/17/24,SQ *NOT LICKED YET FRO FISH CREEK WI0002305843020195627263,16.56,Restaurants
7/17/24,7/17/24,SQ *RED PUTTER MINI GO EPHRAIM WI0002305843020195356275,15,Travel/ Entertainment
7/17/24,7/19/24,SHIPWRECKED BREW PUB EGG HARBOR WI,62.02,Restaurants
7/17/24,7/19/24,TST* HUSBYS FOOD AND S SISTER BAY WI00129458018937575831AA,82.34,Restaurants
7/18/24,7/19/24,MAIN ST MARKET #175SSS EGG HARBOR WI,16.19,Supermarkets
7/18/24,7/19/24,MILTOWN EATS LLC 4144349799 WI,50,Supermarkets
7/18/24,7/19/24,SQ *CRAIN'S KITCHEN SISTER BAY WI0002305843020198584339,40.32,Restaurants
7/18/24,7/19/24,THE THIRSTY COW TAPHOUSE BAILEYS HARBOWI,74.39,Restaurants
7/19/24,7/19/24,PHOENIX BOOKSTORE #2087 GREEN BAY WIAPPLE PAY ENDING IN 3896,84.02,Merchandise
7/19/24,7/19/24,RENARDS CHEESE STURGEON BAY WI,75.88,Merchandise
7/19/24,7/19/24,THE MAIN COURSE FISH CREEK WI,47.48,Merchandise
7/20/24,7/20/24,SENDIK'S ELM GROVE ELM GROVE WIAPPLE PAY ENDING IN 3896,30.72,Supermarkets
7/20/24,7/20/24,SONNYS ITALIAN KITCHEN & STURGEON BAY WI,53,Restaurants
7/20/24,7/20/24,TST* BLUES EGG MILWAUKEE WI00091966018994174955AA,12.52,Restaurants
7/22/24,7/22/24,DINING TROY MI,2.89,Restaurants
7/22/24,7/22/24,INNLET MOTEL STURGEON BAY WI,214.52,Travel/ Entertainment
7/22/24,7/22/24,NIC*DUPLICATEDRLICENSE 608-266-7587 WI,36.85,Government Services
7/22/24,7/22/24,SENDIK'S WAUWATOSA WAUWATOSA WIAPPLE PAY ENDING IN 3896,38.32,Supermarkets
7/22/24,7/22/24,SPECTRUM 855-707-7328 MORC700850048,71.99,Services
7/22/24,7/22/24,WAUWATOSA PUBLIC LIBRA WAUWATOSA WI,1.35,Government Services
7/23/24,7/23/24,CENTRAL BARK-BROOKFIELD 262-781-5554 WI,10.51,Services
7/24/24,7/24/24,5-365 FOOD SERVICE TROY MI,3,Restaurants
7/24/24,7/24/24,CULVERS 2122600895 WI,26.63,Restaurants
7/25/24,7/25/24,MILTOWN EATS LLC 4144349799 WI,55,Supermarkets
7/25/24,7/25/24,PAYPAL *HULU 888-221-1161 CA,8.62,Services
7/25/24,7/25/24,SALON MARIE LLC HALES CORNERSWI,34,Services
7/25/24,7/25/24,SQ *LUSH POPCORN LLC MILWAUKEE WI0002305843020249883185,38.61,Supermarkets
7/26/24,7/26/24,CAFE HOLLANDER W STATE 414-475-6771 WI,47.17,Restaurants
7/27/24,7/27/24,5-365 FOOD SERVICE TROY MI,3.73,Restaurants
7/29/24,7/29/24,#492028TOPPIZTOSA 4142574002 WI,17.32,Restaurants
7/29/24,7/29/24,ZOOLOGICAL SOCIETY OF MI MILWAUKEE WI,380,Services
7/30/24,7/30/24,5-365 FOOD SERVICE TROY MI,3.34,Restaurants
7/30/24,7/30/24,ASIAN BUFFET & GRILL MENOMONEE FALWI,17.45,Restaurants
7/30/24,7/30/24,CENTRAL BARK-BROOKFIELD 262-781-5554 WI,10.51,Services
7/30/24,7/30/24,PAYMENT - THANK YOU,"-6,500",Payments and Credits
8/1/24,8/1/24,EXXONMOBIL WAUWATOSA WI,25.7,Gasoline
8/2/24,8/2/24,5-365 FOOD SERVICE TROY MI,3.64,Restaurants
8/2/24,8/2/24,FAZOLIS 2122600895 WIAPPLE PAY ENDING IN 7049,20.51,Restaurants
8/2/24,8/2/24,WAUWATOSA SCHOOL OF MUSI WAUWATOSA WI,108,Services
8/3/24,8/3/24,5-365 FOOD SERVICE TROY MI,1,Restaurants
8/3/24,8/3/24,5-365 FOOD SERVICE TROY MI,2.97,Restaurants
8/3/24,8/3/24,PY *KETTLE RANGE MEAT CO MILWAUKEE WI,25,Supermarkets
8/4/24,8/4/24,COLECTIVO COFFEE ROAST 4142733747 WIAPPLE PAY ENDING IN 7049,10.71,Supermarkets
8/4/24,8/4/24,SENDIK'S HALES CORNERS HALES CORNERSWI,59.07,Supermarkets
8/4/24,8/4/24,TST*MILKMEN CONCESSION FRANKLIN WI00025436019304832707AA,6.23,Restaurants
8/4/24,8/4/24,TST*MILKMEN CONCESSION FRANKLIN WI00025436019303504270AA,9.33,Restaurants
8/5/24,8/5/24,CULVERS BROOKFIELD WEST PEWAUKEE WI,16.67,Restaurants
8/5/24,8/5/24,ETC MINN CAFE MINNEAPOLIS MN,15.4,Restaurants
8/5/24,8/5/24,MICROSOFT#G054626458 MSBILL.INFO WA,13.24,Merchandise
8/6/24,8/6/24,5-365 FOOD SERVICE TROY MI,1.92,Restaurants
8/6/24,8/6/24,CENTRAL BARK-BROOKFIELD 262-781-5554 WI,10.51,Services
8/6/24,8/6/24,JIMMY JOHNS - 1100 - E GERMANTOWN WI,198.29,Restaurants
8/6/24,8/6/24,WENDY'S #025 WAUWATOSA WI,19.45,Restaurants
8/7/24,8/7/24,TST*HELLS KITCHEN - MI MINNEAPOLIS MN00009283019355979168AA,16.46,Restaurants
8/7/24,8/7/24,TST*HELLS KITCHEN - MI MINNEAPOLIS MN00009283019355840158AA,44.33,Restaurants
8/7/24,8/7/24,TT* METROTRANS AUG04 4159186628 CAAPPLE PAY ENDING IN 7049,2,Travel/ Entertainment
8/8/24,8/8/24,5-365 FOOD SERVICE TROY MI,1.74,Restaurants
8/8/24,8/8/24,AMTRAK MIDWEST CAFE Q12 WASHINGTON DCAPPLE PAY ENDING IN 3896,7.75,Restaurants
8/8/24,8/8/24,ELLIOT PARK HOTEL AUTOGR MINNEAPOLIS MN,43.15,Travel/ Entertainment
8/8/24,8/8/24,GILLES FROZEN CUSTARD MILWAUKEE WI,28.54,Restaurants
8/8/24,8/8/24,MILTOWN EATS LLC 4144349799 WI,50,Supermarkets
8/8/24,8/8/24,TST*GRAY FOX COFFEE & MINNEAPOLIS MN00058229019366710116AA,5.64,Restaurants
8/8/24,8/8/24,TST*GRAY FOX COFFEE & MINNEAPOLIS MN00058229019366639495AA,15.58,Restaurants
8/9/24,8/9/24,LEGACY GYM MKE 262-989-6696 WI,95,Travel/ Entertainment
8/9/24,8/9/24,METCALFE'S MARKET WAUWATOSA WI,63.45,Supermarkets
8/9/24,8/9/24,PY *KETTLE RANGE MEAT CO MILWAUKEE WI,38.03,Supermarkets
8/10/24,8/10/24,5-365 FOOD SERVICE TROY MI,4.26,Restaurants
8/10/24,8/10/24,5-365 FOOD SERVICE TROY MI,5.21,Restaurants
8/10/24,8/10/24,SENDIK'S WAUWATOSA WAUWATOSA WIAPPLE PAY ENDING IN 3896,12.87,Supermarkets
8/10/24,8/10/24,TST*BLUES EGG MILWAUKEE WI00091966019410897848AA,21,Restaurants
8/11/24,8/11/24,SSA MILWAUKEE COUNTY ZOO MILWAUKEE WI,29.25,Merchandise
8/11/24,8/11/24,TT* METROTRANS AUG08 4159186628 CAAPPLE PAY ENDING IN 7049,2.5,Travel/ Entertainment
8/12/24,8/12/24,WINGZONE 2122600895 WIAPPLE PAY ENDING IN 7049,29.73,Restaurants
8/13/24,8/13/24,5-365 FOOD SERVICE TROY MI,1.1,Restaurants
8/13/24,8/13/24,CENTRAL BARK-BROOKFIELD 262-781-5554 WI,10.51,Services
8/13/24,8/13/24,TST*MISS MOLLYS CAFE & 414-249-5665 WIAPPLE PAY ENDING IN 704900037390019473188308AA,22.21,Restaurants
8/14/24,8/14/24,365 MARKET K 888 432-329 TROY MI,1.71,Restaurants
8/14/24,8/14/24,5-365 FOOD SERVICE TROY MI,3,Restaurants
8/14/24,8/14/24,88NINE RADIO MILWAUKEE 4148927928 WI,15,Services
8/14/24,8/14/24,"CRM WEB SOLUTIONS, LLC MOMENTPATH.COTX",61.84,Education
8/14/24,8/14/24,LEGACY GYM MKE 262-989-6696 WI,250,Travel/ Entertainment
8/15/24,8/15/24,5-365 FOOD SERVICE TROY MI,4.01,Restaurants
8/15/24,8/15/24,MILTOWN EATS LLC 4144349799 WI,50,Supermarkets
8/16/24,8/16/24,FIDDLEHEADS COFFEE ROAST WAUWATOSA WI,20.88,Restaurants
8/17/24,8/17/24,SQ *BE BEAUTY EGG HARBOR WI0002305843020410601803,64.25,Merchandise
8/17/24,8/17/24,SQ *DOOR COUNTY VINTAG EGG HARBOR WI0002305843020410914556,11.5,Merchandise
8/17/24,8/17/24,SQ *SWAY BREWING BLE BAILEYS HARBOWI0002305843020406345677,18.99,Restaurants
8/17/24,8/17/24,SQ *SWAY BREWING BLE BAILEYS HARBOWI0002305843020405883965,44.59,Restaurants
8/17/24,8/19/24,DOOR COUNTY SUNGLASS EGG HARBOR WI,73.32,Medical Services
8/17/24,8/19/24,THE THIRSTY COW TAPHOUSE BAILEYS HARBOWI,375,Restaurants
8/18/24,8/19/24,EDGE OF PARK RENTALS LLC FISH CREEK WI,54.86,Travel/ Entertainment
8/18/24,8/19/24,SQ *KNIT WHIT'S YARN & BAILEYS HARBOWI0002305843020417274524,29.59,Merchandise
8/18/24,8/19/24,THE CANDY BAR DOOR COUN BAILEYS HBR WI,15.64,Merchandise
8/18/24,8/19/24,TRILLIUM HERBAL COMPAN 9207465207 WI,41.15,Merchandise
8/18/24,8/19/24,TST*JULIES PARK CAFE FISH CREEK WI00096547019579354766AA,180.76,Restaurants
8/18/24,8/19/24,WALLYS WEENIE WAGON ELLISON BAY WI,22,Restaurants
8/19/24,8/19/24,RAY'S WINE AND SPIRITS WAUWATOSA WIAPPLE PAY ENDING IN 3896,10.58,Merchandise
8/19/24,8/19/24,RENARDS CHEESE STURGEON BAY WI,57.09,Merchandise
8/19/24,8/19/24,RENARDS CHEESE STURGEON BAY WI,57.5,Merchandise
8/19/24,8/19/24,SENDIK'S WAUWATOSA WAUWATOSA WIAPPLE PAY ENDING IN 3896,46.02,Supermarkets
8/20/24,8/20/24,CENTRAL BARK-BROOKFIELD 262-781-5554 WI,10.51,Services
8/20/24,8/20/24,FIDDLEHEADS COFFEE ROAST WAUWATOSA WI,10.44,Restaurants
8/21/24,8/21/24,5-365 FOOD SERVICE TROY MI,2.91,Restaurants
8/21/24,8/21/24,CULVERS BROOKFIELD WEST PEWAUKEE WI,7.34,Restaurants
8/21/24,8/21/24,MURFSFROZENCUSTARDONLINE BROOKFIELD WI,34.34,Restaurants
8/22/24,8/22/24,5-365 FOOD SERVICE TROY MI,1.87,Restaurants
8/22/24,8/22/24,LEGACY GYM MKE 262-989-6696 WI,165,Travel/ Entertainment
8/22/24,8/22/24,SPECTRUM 855-707-7328 MORC1050905953,71.99,Services
8/23/24,8/23/24,5-365 FOOD SERVICE TROY MI,4.03,Restaurants
8/23/24,8/23/24,CAFE HOLLANDER W STATE 414-475-6771 WI,19.97,Restaurants
8/23/24,8/23/24,CULVERS BROOKFIELD WEST PEWAUKEE WI,19.82,Restaurants
8/23/24,8/23/24,TST*MISS MOLLYS CAFE & 414-249-5665 WIAPPLE PAY ENDING IN 704900037390019666605606AA,19.74,Restaurants
8/24/24,8/24/24,AMC 0858 MAYFAIR MALL WAUWATOSA WI,38.09,Travel/ Entertainment
8/24/24,8/24/24,RAY'S WINE AND SPIRITS WAUWATOSA WIAPPLE PAY ENDING IN 3896,74.44,Merchandise
8/24/24,8/24/24,SENDIK'S WAUWATOSA WAUWATOSA WIAPPLE PAY ENDING IN 3896,49.77,Supermarkets
8/24/24,8/24/24,SQ *THE FLANNEL FOX MILWAUKEE WI0002305843020453276058,68.84,Merchandise
8/25/24,8/25/24,METRO MARKET #876 GLENDALE WI,32.78,Supermarkets
8/25/24,8/25/24,PAYPAL *EXPRESSSCRI 888-221-1161 CA,25,Merchandise
8/25/24,8/25/24,PAYPAL *HULU 888-221-1161 CA,8.62,Services
8/25/24,8/25/24,PAYPAL *OLD NAVY 888-221-1161 CA,48.71,Merchandise
8/25/24,8/25/24,PAYPAL *THIRDLOVE 888-221-1161 CA,128.14,Merchandise
8/25/24,8/25/24,SSA MILWAUKEE COUNTY ZOO MILWAUKEE WI,5.95,Merchandise
8/25/24,8/25/24,SSA MILWAUKEE COUNTY ZOO MILWAUKEE WI,8.12,Merchandise
8/26/24,8/26/24,PAYPAL *LANDSENDINC 888-221-1161 CA,31.82,Merchandise
8/27/24,8/27/24,365 MARKET K 888 432-329 TROY MI,1.4,Restaurants
8/27/24,8/27/24,5-365 FOOD SERVICE TROY MI,4,Restaurants
8/27/24,8/27/24,CENTRAL BARK-BROOKFIELD 262-781-5554 WI,10.51,Services
8/27/24,8/27/24,GIRLS ON THE RUN 2622243969 WI,180.52,Services
8/27/24,8/27/24,PANERA BREAD #601546 O 414-281-9999 WIAPPLE PAY ENDING IN 70496051715774552600,31.44,Restaurants
8/27/24,8/27/24,PAYMENT - THANK YOU,"-4,000",Payments and Credits
8/28/24,8/28/24,5-365 FOOD SERVICE TROY MI,2.43,Restaurants
8/28/24,8/28/24,5-365 FOOD SERVICE TROY MI,3.11,Restaurants
8/28/24,8/28/24,DAVESHOTCHICKEN 2122600895 WI,25.59,Restaurants
8/28/24,8/28/24,POCO PIZZA 9209482878 WIAPPLE PAY ENDING IN 7049,122.25,Supermarkets
8/28/24,8/30/24,PAYPAL *OLD NAVY 4029357733 CA,-24.36,Payments and Credits
8/29/24,8/29/24,MILTOWN EATS LLC 4144349799 WI,50,Supermarkets
8/29/24,8/29/24,SALON MARIE LLC HALES CORNERSWI,256.01,Services
8/29/24,8/29/24,SKYLIGHT FRAME 4152336761 CAAPPLE PAY ENDING IN 7049,127.06,Services
8/29/24,8/29/24,SQ *JOY ICE CREAM SOCI MILWAUKEE WI0002305843020489168701,14.69,Supermarkets
8/30/24,8/30/24,FIDDLEHEADS COFFEE ROAST WAUWATOSA WI,15.6,Restaurants
8/30/24,8/30/24,NOODLES & CO 210 WAUWATOSA WI,43.92,Restaurants
8/31/24,8/31/24,COUSINS SUBS #1166 SLINGER WI,11.13,Restaurants
8/31/24,8/31/24,PY *KETTLE RANGE MEAT CO MILWAUKEE WI,28.67,Supermarkets
9/1/24,9/1/24,TST*MISS MOLLYS CAFE & 414-249-5665 WIAPPLE PAY ENDING IN 704900037390019858796426AA,41.95,Restaurants
9/1/24,9/1/24,TST*MISS MOLLYS CAFE & MILWAUKEE WI00037390019859129825AA,11.1,Restaurants
9/2/24,9/2/24,CAFE HOLLANDER W STATE 414-475-6771 WI,47.84,Restaurants
9/2/24,9/2/24,"CRM WEB SOLUTIONS, LLC MOMENTPATH.COTX",150.13,Education
9/2/24,9/2/24,WAUWATOSA SCHOOL OF MUSI WAUWATOSA WI,108,Services
9/3/24,9/3/24,CENTRAL BARK-BROOKFIELD 262-781-5554 WI,409.89,Services
9/3/24,9/3/24,SQ *COLECTIVO COFFEE R WAUWATOSA WI0002305843020523725076,32.26,Restaurants
9/3/24,9/3/24,THRIVECAUSEMETICS 8888044318 WAAPPLE PAY ENDING IN 7049,103.77,Merchandise
9/4/24,9/4/24,5-365 FOOD SERVICE TROY MI,1.87,Restaurants
9/4/24,9/4/24,CHICK-FIL-A #03252 2623730609 WIAPPLE PAY ENDING IN 7049,18.8,Restaurants
9/5/24,9/5/24,5-365 FOOD SERVICE TROY MI,2.3,Restaurants
9/5/24,9/5/24,MICROSOFT-G057248370 REDMOND WA,13.24,Merchandise
9/5/24,9/5/24,MILTOWN EATS LLC 4144349799 WI,50,Supermarkets
9/5/24,9/5/24,SALON MARIE LLC HALES CORNERSWI,34,Services
9/6/24,9/6/24,5-365 FOOD SERVICE TROY MI,5.28,Restaurants
9/6/24,9/6/24,SQ *HAPPY BUDDHA BOUTI WAUWATOSA WI0002305843020545944639,29.54,Supermarkets
9/6/24,9/6/24,"SQ *LOWETH, LLC WAUWATOSA WI0002305843020545100295",7.35,Restaurants
9/6/24,9/6/24,SQ *RK'D BAR WAUWATOSA WI0002305843020545118549,11,Restaurants
9/8/24,9/8/24,GLOSS* LOVE YOUR FACE 8557702098 WI,329.13,Services
9/8/24,9/8/24,METCALFE'S MARKET WAUWATOSA WI,48.57,Supermarkets
9/8/24,9/8/24,TST*MIDTOWN GRILL 414-837-6400 WIAPPLE PAY ENDING IN 704900039277019966967768AA,42.22,Restaurants
9/9/24,9/9/24,LEGACY GYM MKE 262-989-6696 WI,95,Travel/ Entertainment
9/10/24,9/10/24,5-365 FOOD SERVICE TROY MI,2.18,Restaurants
9/10/24,9/10/24,CENTRAL BARK-BROOKFIELD 262-781-5554 WI,48.04,Services
9/10/24,9/10/24,CREAM CITY MUSIC BROOKFIELD WI,19.93,Merchandise
9/10/24,9/10/24,PAYPAL *SPIRITHALLO 888-221-1161 CA,91.05,Merchandise
9/11/24,9/11/24,INKWELL TATTOO COMPANY WEST ALLIS WI01130P,50,Services
9/11/24,9/11/24,SQ *BLACK TWIG BAKERY WAUWATOSA WI0002305843020577668030,18.08,Merchandise
9/12/24,9/12/24,5-365 FOOD SERVICE TROY MI,1.82,Restaurants
9/12/24,9/12/24,AMERICAN STATISTICAL ASS 703-684-1221 VA,39,Services
9/12/24,9/12/24,MILTOWN EATS LLC 4144349799 WI,50,Supermarkets
9/12/24,9/12/24,PANERA BREAD #606423 O 855-372-6372 WIAPPLE PAY ENDING IN 70496051715782828886,14.98,Restaurants
9/12/24,9/12/24,PAYPAL *EXPRESSSCRI 888-221-1161 CA,25,Merchandise
9/12/24,9/12/24,THE REAL GOOD LIFE 2624215751 WI,70.55,Restaurants
9/13/24,9/13/24,365 MARKET K 888 432-329 TROY MI,1.4,Restaurants
9/13/24,9/13/24,5-365 FOOD SERVICE TROY MI,4.1,Restaurants
9/13/24,9/13/24,SQ *JOY ICE CREAM SOCI WAUWATOSA WI0002305843020593277154,17.73,Supermarkets
9/13/24,9/13/24,SQ *MILWAUKEE ELECTRIC GOSQ.COM WI0002305843020585436585,345.55,Home Improvement
9/14/24,9/14/24,88NINE RADIO MILWAUKEE 4148927928 WI,15,Services
9/14/24,9/14/24,CREAM CITY MUSIC BROOKFIELD WI,40.94,Merchandise
9/14/24,9/14/24,SQ *HAPPY BUDDHA BOUTI WAUWATOSA WI0002305843020601913837,134.18,Supermarkets
9/14/24,9/14/24,TST* GROWLERS WAUWATOSA WI,55,Restaurants
9/14/24,9/14/24,TST*GOOD CITY BREWING WAUWATOSA WI00138383020113733922AA,73.76,Restaurants
9/15/24,9/15/24,SENDIK'S WAUWATOSA WAUWATOSA WIAPPLE PAY ENDING IN 3896,31.26,Supermarkets
9/15/24,9/15/24,TST*MISS MOLLYS CAFE & MILWAUKEE WI00037390020134284571AA,61.51,Restaurants
9/16/24,9/16/24,AMTRAK MOBILE APP 800-872-7245 DC,"2,002",Travel/ Entertainment
9/16/24,9/16/24,"CRM WEB SOLUTIONS, LLC MOMENTPATH.COTX",114.32,Education
9/16/24,9/16/24,WENDY'S #0036 MANITOWOC WI,11.01,Restaurants
9/17/24,9/17/24,AGA SERVICE COMPANY 800-628-4908 VA,95.1,Services
9/17/24,9/17/24,CENTRAL BARK-BROOKFIELD 262-781-5554 WI,10.51,Services
9/18/24,9/19/24,MOD PIZZA TOSA VILLAGE 414-257-2577 WI29709286513950720,35.41,Restaurants
9/19/24,9/19/24,MCKINLEY ELEM PTO 4144433570 WI,8.49,Services
9/19/24,9/19/24,MCKINLEY ELEM PTO 4144433570 WI,16.67,Services
9/19/24,9/19/24,MCKINLEY ELEM PTO 4144433570 WI,25.87,Services
9/19/24,9/19/24,MILTOWN EATS LLC 4144349799 WI,50,Supermarkets
9/19/24,9/19/24,SPRINGHILL SUITES BY MAR 4123239005 PA,521.94,Travel/ Entertainment
9/20/24,9/20/24,MURFSFROZENCUSTARDONLINE BROOKFIELD WI,42.15,Restaurants
9/20/24,9/20/24,REI #60 BROOKFIELD BROOKFIELD WI02094P,136.32,Merchandise
9/21/24,9/21/24,MCK SWAN SERV U PHARMACY MILWAUKEE WI,33.51,Merchandise
9/21/24,9/21/24,MENARDS WAUKESHA WI WAUKESHA WI,4.56,Home Improvement
9/21/24,9/21/24,NEW CHINA BUFFET. WAUKESHA WI,20.34,Restaurants
9/21/24,9/21/24,SENDIK'S WAUWATOSA WAUWATOSA WIAPPLE PAY ENDING IN 3896,7.98,Supermarkets
9/21/24,9/21/24,SENDIK'S WAUWATOSA WAUWATOSA WIAPPLE PAY ENDING IN 3896,32.04,Supermarkets
9/22/24,9/22/24,INKWELL TATTOO COMPANY WEST ALLIS WI02222P,100,Services
9/22/24,9/22/24,OPENAI *CHATGPT SUBSCR 4158799686 CA,20,Merchandise
9/22/24,9/22/24,SPECTRUM 855-707-7328 MORC1067862077,71.99,Services
9/22/24,9/22/24,VIP PHOTO - VIPIS.COM 262-375-4457 WI,41.25,Services
9/24/24,9/24/24,CENTRAL BARK-BROOKFIELD 262-781-5554 WI,10.51,Services
9/24/24,9/24/24,PAYMENT - THANK YOU,"-7,500",Payments and Credits
9/24/24,9/24/24,PAYPAL *AEDIRECTCOL 888-221-1161 CA,87.28,Merchandise
9/24/24,9/24/24,SENDIK'S WAUWATOSA WAUWATOSA WI,3.98,Supermarkets
9/24/24,9/24/24,TST*CRANKY ALS WAUWATOSA WI00020123020303859820AA,25.92,Restaurants
9/25/24,9/25/24,5-365 FOOD SERVICE TROY MI,4.78,Restaurants
9/25/24,9/25/24,CHICK-FIL-A #03252 2623730609 WI,30.38,Restaurants
9/25/24,9/25/24,MED*FROEDTERT HEALTH I 800-803-8155 WI297811258,26.74,Medical Services
9/25/24,9/25/24,PAYPAL *HULU 888-221-1161 CA,8.62,Services
9/25/24,9/25/24,SP ROTHYS 4157376849 CA,115.43,Merchandise
9/26/24,9/26/24,MILTOWN EATS LLC 4144349799 WI,50,Supermarkets
9/26/24,9/26/24,SENDIK'S WAUWATOSA WAUWATOSA WIAPPLE PAY ENDING IN 3896,24.39,Supermarkets
9/28/24,9/28/24,5-365 FOOD SERVICE TROY MI,5,Restaurants
9/28/24,9/28/24,DD *DOORDASH BELAIRCAN 855-973-1040 CAAPPLE PAY ENDING IN 7049,21.9,Restaurants
9/28/24,9/28/24,LS RUCKUS & GLEE 4143953201 WI,65.63,Merchandise
9/28/24,9/28/24,SQ *CREAM CITY SOAP CO WAUWATOSA WI0002305843020693473489,59.34,Supermarkets
9/28/24,9/28/24,TST* PATTY SHACK MILWAUK MILWAUKEE WI,49.08,Restaurants
9/29/24,9/29/24,CAFE HOLLANDER W STATE 414-475-6771 WI,29.68,Restaurants
9/29/24,9/29/24,PAYPAL *CHEWY INC 888-221-1161 CA,52.62,Merchandise
9/30/24,9/30/24,"CRM WEB SOLUTIONS, LLC MOMENTPATH.COTX",114.32,Education
9/30/24,9/30/24,FIDDLEHEADS COFFEE ROAST WAUWATOSA WI,40.57,Restaurants
9/30/24,9/30/24,MOD PIZZA TOSA VILLAGE 414-257-2577 WI29982323497517056,31.04,Restaurants
10/1/24,10/1/24,CENTRAL BARK-BROOKFIELD 262-781-5554 WI,10.51,Services
10/2/24,10/2/24,5-365 FOOD SERVICE TROY MI,4.33,Restaurants
10/2/24,10/2/24,MURF'S FROZEN CUSTARD-BR BROOKFIELD WI,34.86,Restaurants
10/2/24,10/2/24,TST*MISS MOLLYS CAFE & 414-249-5665 WIAPPLE PAY ENDING IN 704900037390020457217711AA,24.56,Restaurants
10/2/24,10/2/24,WAUWATOSA SCHOOL OF MUSI WAUWATOSA WI,108,Services
10/3/24,10/3/24,5-365 FOOD SERVICE TROY MI,1.6,Restaurants
10/3/24,10/3/24,SP THE REAL GOOD LIFE 2624215751 WI,85.67,Restaurants
10/4/24,10/4/24,CHIPOTLE ONLINE 949-524-4000 CA,30.27,Restaurants
10/4/24,10/4/24,DINING TROY MI,4,Restaurants
10/4/24,10/4/24,PAYPAL *SALLYBEAUTY 888-221-1161 CA,17.21,Merchandise
10/4/24,10/4/24,SENDIK'S WAUWATOSA WAUWATOSA WIAPPLE PAY ENDING IN 3896,25.9,Supermarkets
10/4/24,10/4/24,SQ *COLECTIVO COFFEE R WAUWATOSA WI0002305843020731582452,13.77,Restaurants
10/5/24,10/5/24,CULVERS 2122600895 WI,27.37,Restaurants
10/5/24,10/5/24,MICROSOFT-G060516810 REDMOND WA,13.24,Merchandise
10/5/24,10/5/24,PICK N SAVE #853 BROOKFIELD WI,13.33,Supermarkets
10/5/24,10/5/24,SP NOURISH NATURAL P 4142310955 WI,73.08,Merchandise
10/5/24,10/5/24,SQ *BIG WHITE YETI ST FRANCIS WI0002305843020742085469,32.37,Supermarkets
10/6/24,10/6/24,BUCKATABON TAVERN WAUWATOSA WI,104.63,Restaurants
10/6/24,10/6/24,SQ *JOY ICE CREAM SOCI WAUWATOSA WI0002305843020758153872,16.53,Supermarkets
10/8/24,10/8/24,CENTRAL BARK-BROOKFIELD 262-781-5554 WI,10.51,Services
10/8/24,10/8/24,PETS BEST INSURANCE SERV 877-738-7237 FL,459.25,Services
10/9/24,10/9/24,5-365 FOOD SERVICE TROY MI,2.29,Restaurants
10/9/24,10/9/24,LEGACY GYM MKE 262-989-6696 WI,95,Travel/ Entertainment
10/9/24,10/9/24,ORDER.NOODLES.COM 2122600895 COAPPLE PAY ENDING IN 7049,35.86,Restaurants
10/9/24,10/9/24,SCHOLASTIC BOOK FAIRS R4 LAKE MARY FL,35,Merchandise
10/10/24,10/10/24,5-365 FOOD SERVICE TROY MI,3,Restaurants
10/10/24,10/10/24,CULVERS 2122600895 WIAPPLE PAY ENDING IN 7049,24.43,Restaurants
10/10/24,10/10/24,KWIK TRIP #1281 BELGIUM WI,8.09,Gasoline
10/10/24,10/10/24,MCK SWAN SERV U PHARMACY MILWAUKEE WI,4.77,Merchandise
10/10/24,10/10/24,TST*MIKES PORT PUB STURGEON BAY WI00051759020617357417AA,58,Restaurants
10/11/24,10/11/24,BEACH PEOPLE FISH CREEK FISH CREEK WI,56.97,Merchandise
10/11/24,10/11/24,CONFECTIONERY FISH CRE FISH CREEK WI01193P,21.08,Merchandise
10/11/24,10/11/24,COYOTE ROADHOUSE BAILEYS HARBOWI,92.99,Restaurants
10/11/24,10/11/24,HANDS ON ART STUDIO FISH CREEK WI,98.28,Merchandise
10/11/24,10/11/24,LS ALPACA TO APPAREL 9205361394 WI,40.07,Merchandise
10/11/24,10/11/24,SQ *TOWN HALL BAKERY STURGEON BAY WI0002305843020781628327,35.58,Restaurants
10/12/24,10/12/24,JACKSONPORT COTTAGE- GAL STURGEON BAY WI,46.31,Merchandise
10/12/24,10/12/24,SQ *BE BEAUTY EGG HARBOR WI0002305843020794563251,26.32,Merchandise
10/12/24,10/12/24,SQ *QUIETSIDE ENTERPRI JACKSONPORT WI0002305843020790259487,26.04,Restaurants
10/12/24,10/12/24,SQ *STEEL BELLY BARBEC EGG HARBOR WI0002305843020799576767,16.1,Restaurants
10/12/24,10/12/24,TST*SALUTE - EGG HARBO EGG HARBOR WI00187339020658123088AA,11.13,Restaurants
10/13/24,10/13/24,CULVERS OF SHEBOYGAN 39 SHEBOYGAN WI,28.01,Restaurants
10/13/24,10/13/24,DANCING BEAR STURGEON BAY WI,35.85,Merchandise
10/13/24,10/13/24,GREENS N GRAINS EGG HARBOR WI,13.41,Supermarkets
10/13/24,10/13/24,RENARDS CHEESE STURGEON BAY WI,65.64,Merchandise
10/13/24,10/13/24,SQ *CLARIO FARMSTEAD P STURGEON BAY WI0002305843020803931391,58,Supermarkets
10/13/24,10/13/24,SQ *KICK COFFEE STURGEON BAY WI0002305843020803555325,51.59,Restaurants
10/13/24,10/13/24,SQSP* INV153558560 6465803456 NY,20,Services
10/14/24,10/14/24,88NINE RADIO MILWAUKEE 4148927928 WI,15,Services
10/14/24,10/14/24,CHIPOTLE ONLINE 949-524-4000 CA,28.46,Restaurants
10/14/24,10/14/24,"CRM WEB SOLUTIONS, LLC MOMENTPATH.COTX",114.32,Education
10/15/24,10/15/24,5-365 FOOD SERVICE TROY MI,4.12,Restaurants
10/15/24,10/15/24,CENTRAL BARK-BROOKFIELD 262-781-5554 WI,10.51,Services
10/15/24,10/15/24,INNLET MOTEL STURGEON BAY WI,489.04,Travel/ Entertainment
10/15/24,10/15/24,ORDER.NOODLES.COM 2122600895 CO,20.33,Restaurants
10/15/24,10/15/24,SHERATON RESTON HOTEL RESTON VA,44.21,Restaurants
10/16/24,10/16/24,5-365 FOOD SERVICE TROY MI,4.05,Restaurants
10/16/24,10/16/24,SCRAWL BOOKS RESTON VA,72.02,Merchandise
10/16/24,10/16/24,SENDIK'S WAUWATOSA WAUWATOSA WI,25.06,Supermarkets
10/16/24,10/16/24,TST*PITANGO GELATO RES RESTON VA00111026020741420866AA,17.02,Supermarkets
10/17/24,10/17/24,5-365 FOOD SERVICE TROY MI,6.13,Restaurants
10/17/24,10/17/24,MILTOWN EATS LLC 4144349799 WI,50,Supermarkets
10/17/24,10/17/24,SHERATON RESTON HOTEL RESTON VA,11.57,Restaurants
10/17/24,10/17/24,SMARTRIP WASHINGTON DC WASHINGTON DCAPPLE PAY ENDING IN 7049,4,Travel/ Entertainment
10/18/24,10/19/24,DCA FOOD HALL ARLINGTON VA,3.55,Supermarkets
10/18/24,10/19/24,TST*YO MAMA - WAUWATOS WAUWATOSA WI00042815020782206381AA,15.69,Restaurants
10/19/24,10/19/24,5-365 FOOD SERVICE TROY MI,4.94,Restaurants
10/19/24,10/19/24,COLECTIVO COFFEE ROAST 4142733747 WIAPPLE PAY ENDING IN 7049,8.19,Supermarkets
10/19/24,10/19/24,SALON MARIE LLC HALES CORNERSWI,34,Services
10/19/24,10/19/24,SENDIK'S WAUWATOSA WAUWATOSA WIAPPLE PAY ENDING IN 3896,68.86,Supermarkets
10/19/24,10/19/24,SQ *HAPPY BUDDHA BOUTI WAUWATOSA WI0002305843020826950494,51.26,Supermarkets
10/19/24,10/19/24,WAUWATIKI WAUWATOSA WI,150.5,Restaurants
10/20/24,10/20/24,RAY'S WINE AND SPIRITS WAUWATOSA WIAPPLE PAY ENDING IN 3896,67.72,Merchandise
10/20/24,10/20/24,SENDIK'S WAUWATOSA WAUWATOSA WIAPPLE PAY ENDING IN 3896,13.97,Supermarkets
10/21/24,10/21/24,SQ *MILWAUKEE MICROGRE GOSQ.COM WI0002305843020837722556,15,Supermarkets
10/22/24,10/22/24,5-365 FOOD SERVICE TROY MI,1.6,Restaurants
10/22/24,10/22/24,CENTRAL BARK-BROOKFIELD 262-781-5554 WI,10.51,Services
10/22/24,10/22/24,OPENAI *CHATGPT SUBSCR 4158799686 CA,20,Merchandise
10/22/24,10/22/24,PAYMENT - THANK YOU,"-5,000",Payments and Credits
10/22/24,10/22/24,SPECTRUM 855-707-7328 MORC1130200363,86.99,Services
10/23/24,10/23/24,5-365 FOOD SERVICE TROY MI,0.65,Restaurants
10/23/24,10/23/24,AMAZON MKTPL*Z58I776D3 AMZN.COM/BILLWAX3SDAWRUH6A,51.87,Merchandise
10/23/24,10/23/24,SQ *JOY ICE CREAM SOCI WAUWATOSA WI0002305843020852432708,28.64,Supermarkets
10/24/24,10/24/24,AAA INSURANCE GW EFT 800-222-6424 MI,653.81,Services
10/24/24,10/24/24,AMERICAN EAGLE OUTFITT PITTSBURGH PA,13.21,Merchandise
10/24/24,10/24/24,CHICK-FIL-A #03242 4144230853 WIAPPLE PAY ENDING IN 7049,10.37,Restaurants
10/24/24,10/24/24,MILTOWN EATS LLC 4144349799 WI,50,Supermarkets
10/24/24,10/24/24,RAISING CANES 0948 BROOKFIELD WI02417P,16.97,Restaurants
10/24/24,10/24/24,TST*MISS MOLLYS CAFE & 414-249-5665 WIAPPLE PAY ENDING IN 704900037390020895933284AA,23.44,Restaurants
10/25/24,10/25/24,5-365 FOOD SERVICE TROY MI,5.16,Restaurants
10/25/24,10/25/24,COLECTIVO COFFEE ROAST 4142733747 WIAPPLE PAY ENDING IN 7049,35.52,Supermarkets
10/25/24,10/25/24,PAYPAL *HULU 888-221-1161 CA,10.78,Services
10/26/24,10/26/24,SQ *JOY ICE CREAM SOCI WAUWATOSA WI0002305843020879804436,9.79,Supermarkets
10/26/24,10/26/24,TST* BB'S ON NORTH WAUWATOSA WIAPPLE PAY ENDING IN 7049,77.49,Restaurants
10/27/24,10/27/24,SENDIK'S WAUWATOSA WAUWATOSA WIAPPLE PAY ENDING IN 3896,45.92,Supermarkets
10/27/24,10/27/24,TST*MIDTOWN GRILL 414-837-6400 WIAPPLE PAY ENDING IN 704900039277020940898017AA,47.1,Restaurants
10/28/24,10/28/24,"CRM WEB SOLUTIONS, LLC MOMENTPATH.COTX",114.32,Education
10/28/24,10/28/24,EVERVET WAUWATOSA WI,148.48,Services
10/28/24,10/28/24,LEGO MAYFAIR WAUWATOSA WI,12.7,Merchandise
10/29/24,10/29/24,5-365 FOOD SERVICE TROY MI,4.23,Restaurants
10/30/24,10/30/24,5-365 FOOD SERVICE TROY MI,1.94,Restaurants
10/30/24,10/30/24,AAA ACG NE0069 EFT RCC 800-222-1134 MI,107,Services
10/30/24,10/30/24,RAISING CANES 0948 BROOKFIELD WI03056P,31.27,Restaurants
10/30/24,10/30/24,TOSA DENTAL LLC WAUWATOSA WI,271,Medical Services
10/31/24,10/31/24,5-365 FOOD SERVICE TROY MI,3.64,Restaurants
10/31/24,10/31/24,MILTOWN EATS LLC 4144349799 WI,52.5,Supermarkets
11/1/24,11/1/24,BADGER BURGER COMPANY BR 2623630990 WI,44.34,Restaurants
11/1/24,11/1/24,PAYPAL *CHEWY INC 888-221-1161 CA,19.81,Merchandise
11/1/24,11/1/24,PAYPAL *CHEWY INC 888-221-1161 CA,151.85,Merchandise
11/2/24,11/2/24,#492028TOPPIZTOSA 4142574002 WI,29.34,Restaurants
11/2/24,11/2/24,5-365 FOOD SERVICE TROY MI,6.86,Restaurants
11/2/24,11/2/24,BL - OPEN HEARTH LODGE SISTER BAY WI,166.38,Travel/ Entertainment
11/2/24,11/2/24,FIDDLEHEADS COFFEE ROAST WAUWATOSA WI,15.14,Restaurants
11/2/24,11/2/24,GLOSS* LOVE YOUR FACE 8557702098 WI,171.81,Services
11/2/24,11/2/24,SQ *VINTAGE 38 GREENDA GOSQ.COM WIAPPLE PAY ENDING IN 70490001152921514728952651,24.18,Restaurants
11/2/24,11/2/24,WAUWATOSA SCHOOL OF MUSI WAUWATOSA WI,108,Services
11/3/24,11/3/24,LS BENTLEYS PET STUFF 4254028833 WI,53,Merchandise
11/4/24,11/4/24,KETTLE RANGE MEAT COMPAN MILWAUKEE WI,15,Supermarkets
11/5/24,11/5/24,CENTRAL BARK-BROOKFIELD 262-781-5554 WI,68.96,Services
11/5/24,11/5/24,METCALFE'S MARKET WAUWATOSA WIAPPLE PAY ENDING IN 3896,78.64,Supermarkets
11/5/24,11/5/24,MICROSOFT#G064883130 MSBILL.INFO WA,13.24,Merchandise
11/5/24,11/5/24,PAYPAL *LANDSENDINC 888-221-1161 CA,14.01,Merchandise
11/5/24,11/5/24,PY *FOR PURPOSE FOUNDATI 949-554-8996 CAPY *FOR PURPOSE FOUNDATI,26.06,Services
11/6/24,11/6/24,5-365 FOOD SERVICE TROY MI,4,Restaurants
11/6/24,11/6/24,5-365 FOOD SERVICE TROY MI,6.35,Restaurants
11/6/24,11/6/24,CORNER BAKERY CAFE 1602 414-476-2233 WI,32.03,Restaurants
11/6/24,11/6/24,MED*FROEDTERT HEALTH I 800-803-8155 WI314547399,35.04,Medical Services
11/6/24,11/6/24,QUALITY HEATING SHEET ME BROOKFIELD WI,42.08,Services
11/7/24,11/7/24,MILTOWN EATS LLC 4144349799 WI,25,Supermarkets
11/8/24,11/8/24,5-365 FOOD SERVICE TROY MI,2.55,Restaurants
11/8/24,11/8/24,SQ *MILWAUKEE MICROGRE GOSQ.COM WI0002305843020954845610,15,Supermarkets
11/8/24,11/8/24,WWW.GILLES* GILLES FRO 8889983286 WIAPPLE PAY ENDING IN 7049,37.05,Restaurants
11/9/24,11/9/24,LEGACY GYM MKE 262-989-6696 WI,95,Travel/ Entertainment
11/9/24,11/9/24,MU-ECKSTEIN LAW SCHOOL 414-2883884 WI,60,Education
11/9/24,11/9/24,SENDIK'S GREENFIELD GREENFIELD WIAPPLE PAY ENDING IN 3896,121.04,Supermarkets
11/9/24,11/9/24,TACO STOP * TACO STOP 8887072469 WIAPPLE PAY ENDING IN 7049,35.44,Restaurants
11/9/24,11/9/24,TST*CRANKY ALS WAUWATOSA WI00020123021218533278AA,39,Restaurants
11/10/24,11/10/24,FIDDLEHEADS COFFEE ROAST WAUWATOSA WI,29.14,Restaurants
11/11/24,11/11/24,"CRM WEB SOLUTIONS, LLC MOMENTPATH.COTX",114.32,Education
11/11/24,11/11/24,DAVESHOTCHICKEN 2122600895 WIAPPLE PAY ENDING IN 7049,36.14,Restaurants
11/11/24,11/11/24,SP POCO PIZZA 9209482878 WI,137.64,Supermarkets
11/11/24,11/11/24,WAUWATOSAVILLAGE.ORG 4142979285 WI,26.47,Services
11/11/24,11/11/24,ZOOLOGICAL SOCIETY OF MI MILWAUKEE WI,45,Services
11/12/24,11/12/24,5-365 FOOD SERVICE TROY MI,4.31,Restaurants
11/12/24,11/12/24,APPLE.COM/US 800-692-7753 CAAPPLE PAY ENDING IN 7049W1376340029A693074268,21.13,Merchandise
11/12/24,11/12/24,APPLE.COM/US 800-692-7753 CAAPPLE PAY ENDING IN 7049W1376340029A693074267,21.13,Merchandise
11/12/24,11/12/24,CENTRAL BARK-BROOKFIELD 262-781-5554 WI,409.89,Services
11/12/24,11/12/24,SENDIK'S ELM GROVE ELM GROVE WIAPPLE PAY ENDING IN 3896,15.46,Supermarkets
11/13/24,11/13/24,5-365 FOOD SERVICE TROY MI,1.75,Restaurants
11/13/24,11/13/24,HULU 888-439-4858 CAHULU,4.32,Services
11/13/24,11/13/24,SHELLEY'S HALLMARK MENOMONEE FALWI,4.19,Merchandise
11/13/24,11/13/24,TOPPERS PIZZA WAUWATOSA 4144667777 WI,11.37,Restaurants
11/14/24,11/14/24,5-365 FOOD SERVICE TROY MI,1.81,Restaurants
11/14/24,11/14/24,88NINE RADIO MILWAUKEE 4148927928 WI,15,Services
11/15/24,11/15/24,5-365 FOOD SERVICE TROY MI,4.94,Restaurants
11/15/24,11/15/24,COLECTIVO COFFEE ROAST 4142733747 WIAPPLE PAY ENDING IN 7049,34.06,Supermarkets
11/15/24,11/15/24,LEGACY GYM MKE 262-989-6696 WI,60,Travel/ Entertainment
11/15/24,11/15/24,LEGACY GYM MKE 262-989-6696 WI,95,Travel/ Entertainment
11/15/24,11/15/24,WENDY'S #025 WAUWATOSA WI,26.99,Restaurants
11/16/24,11/16/24,KETTLE RANGE MEAT COMPAN MILWAUKEE WI,59.95,Supermarkets
11/16/24,11/16/24,SENDIK'S ELM GROVE ELM GROVE WIAPPLE PAY ENDING IN 3896,27.32,Supermarkets
11/17/24,11/17/24,MOVIE TAVERN BRKFLD ECOM 800-274-0099 WI,45.05,Travel/ Entertainment
11/17/24,11/17/24,TST*BLUES EGG 414-299-3180 WIAPPLE PAY ENDING IN 704900091966021357020821AA,46.23,Restaurants
11/19/24,11/19/24,5-365 FOOD SERVICE TROY MI,3.64,Restaurants
11/19/24,11/19/24,CENTRAL BARK-BROOKFIELD 262-781-5554 WI,10.51,Services
11/19/24,11/19/24,CREAM CITY MUSIC BROOKFIELD WI,113.39,Merchandise
11/19/24,11/19/24,MICROSOFT-G067139230 REDMOND WA,13.24,Merchandise
11/20/24,11/20/24,CHICK-FIL-A #03252 2623730609 WIAPPLE PAY ENDING IN 7049,30.38,Restaurants
11/20/24,11/20/24,DISNEYPLUS 888-905-7888 CADISNEYPLUS,169.43,Services
11/20/24,11/20/24,PAYPAL *SHUTTERFLY 888-221-1161 CA,25.47,Services
11/20/24,11/20/24,TST*MISS MOLLYS CAFE & 414-249-5665 WIAPPLE PAY ENDING IN 704900037390021434418111AA,24.06,Restaurants
11/21/24,11/21/24,5-365 FOOD SERVICE TROY MI,3.4,Restaurants
11/21/24,11/21/24,DRS PHILLIP & LYNNE RO BROOKFIELD WI,43,Medical Services
11/21/24,11/21/24,LEGACY GYM MKE 262-989-6696 WI,26.4,Travel/ Entertainment
11/21/24,11/21/24,SALON MARIE LLC HALES CORNERSWI,34,Services
11/21/24,11/21/24,SENDIK'S ELM GROVE ELM GROVE WIAPPLE PAY ENDING IN 3896,102.48,Supermarkets
11/22/24,11/22/24,5-365 FOOD SERVICE TROY MI,2.72,Restaurants
11/22/24,11/22/24,LEGACY GYM MKE 262-989-6696 WI,10,Travel/ Entertainment
11/22/24,11/22/24,MOVIE TAVERN BRKFLD F&B BROOKFIELD WI,51.45,Restaurants
11/22/24,11/22/24,OPENAI *CHATGPT SUBSCR 4158799686 CA,20,Merchandise
11/22/24,11/22/24,SPECTRUM 855-707-7328 MORC810291290,86.99,Services
11/22/24,11/22/24,SQ *MILWAUKEE MICROGRE GOSQ.COM WI0001152921514805173431,15,Supermarkets
11/22/24,11/22/24,TOPPERS PIZZA WAUWATOSA 4144667777 WI,26.9,Restaurants
11/23/24,11/23/24,CAFE HOLLANDER W STATE 414-475-6771 WI,37.76,Restaurants
11/23/24,11/23/24,FIDDLEHEADS COFFEE ROAST WAUWATOSA WI,33.42,Restaurants
11/23/24,11/23/24,HOMETOWN TICKETS 9202519696 WI,14,Travel/ Entertainment
11/23/24,11/23/24,PAYPAL *LANDSENDINC 888-221-1161 CA,15.86,Merchandise
11/23/24,11/23/24,SP THRIVECAUSEMETICS 8888044318 WA,145.78,Merchandise
11/23/24,11/23/24,SQ *BACK POCKET CREATI MILWAUKEE WI0002305843021034207449,25.2,Merchandise
11/23/24,11/23/24,SQ *TABAL CHOCOLATE WAUWATOSA WI0002305843021034164330,38.12,Supermarkets
11/25/24,11/25/24,"CRM WEB SOLUTIONS, LLC MOMENTPATH.COTX",114.32,Education
11/25/24,11/25/24,REI.COM 800-426-4840 800-426-4840 WAA318901098,74.75,Merchandise
11/25/24,11/25/24,SENDIK'S WAUWATOSA WAUWATOSA WIAPPLE PAY ENDING IN 3896,43.3,Supermarkets
11/26/24,11/26/24,5-365 FOOD SERVICE TROY MI,4.02,Restaurants
11/26/24,11/26/24,CENTRAL BARK-BROOKFIELD 262-781-5554 WI,10.51,Services
11/27/24,11/27/24,5-365 FOOD SERVICE TROY MI,1.71,Restaurants
11/27/24,11/27/24,CULVERS 2122600895 WI,27.79,Restaurants
11/27/24,11/27/24,PY *THE SOCIAL HAUS MENOMONEE FALWI,86.72,Restaurants
11/27/24,11/27/24,TST*MISS MOLLYS CAFE & 414-249-5665 WIAPPLE PAY ENDING IN 704900037390021571693846AA,17.86,Restaurants
11/28/24,11/28/24,FIDDLEHEADS COFFEE ROAST WAUWATOSA WI,22,Restaurants
11/29/24,11/29/24,CHILDRENS MYCHART 414-2666262 WI,22.41,Medical Services
11/29/24,11/29/24,LS RUCKUS & GLEE 4143953201 WI,82.56,Merchandise
11/29/24,11/29/24,SCHUSTER FAMILY EYECARE NEW BERLIN WI,45,Medical Services
11/29/24,11/29/24,SP NOURISH NATURAL P 4142310955 WI,112.27,Merchandise
11/29/24,11/29/24,SQ *BIG WHITE YETI ST FRANCIS WI0002305843021069175540,32.37,Supermarkets
11/29/24,11/29/24,SQ *HAPPY BUDDHA BOUTI WAUWATOSA WI0002305843021072202687,59.19,Supermarkets
11/30/24,11/30/24,PANERA BREAD #606249 O 855-372-6372 WIAPPLE PAY ENDING IN 70496051715825044400,30.53,Restaurants
11/30/24,11/30/24,PAYPAL *PEACOCKTVLL 6F3 888-221-1161 CA,21.17,Services
11/30/24,11/30/24,REI #60 BROOKFIELD BROOKFIELD WI03069P,95.87,Merchandise
11/30/24,11/30/24,SP DRINK ZYN 8663765996 WIAPPLE PAY ENDING IN 7049,74.98,Supermarkets
12/1/24,12/1/24,SENDIK'S ELM GROVE ELM GROVE WIAPPLE PAY ENDING IN 3896,45.97,Supermarkets
12/1/24,12/1/24,SQ *JOY ICE CREAM SOCI WAUWATOSA WI0002305843021086212574,82.47,Supermarkets
12/1/24,12/1/24,TST* BEL AIR CANTINA - W WAUWATOSA WIAPPLE PAY ENDING IN 7049,34.38,Restaurants
12/2/24,12/2/24,BOMBAS LLC 800-314-0980 NYAPPLE PAY ENDING IN 7049,81.03,Merchandise
12/2/24,12/2/24,WALGREENS #10196 WAUWATOSA WI,60.66,Merchandise
12/2/24,12/2/24,WAUWATOSA SCHOOL OF MUSI WAUWATOSA WI,108,Services
12/3/24,12/3/24,5-365 FOOD SERVICE TROY MI,2.67,Restaurants
12/3/24,12/3/24,AMERICAN EAGLE OUTFITT PITTSBURGH PA,2.69,Merchandise
12/3/24,12/3/24,ATHLETA ONLINE GROVEPORT OHAPPLE PAY ENDING IN 7049,62.48,Merchandise
12/3/24,12/3/24,CENTRAL BARK-BROOKFIELD 262-781-5554 WI,10.51,Services
12/3/24,12/3/24,PAYMENT - THANK YOU,"-4,900",Payments and Credits
12/4/24,12/4/24,5-365 FOOD SERVICE TROY MI,1.6,Restaurants
12/4/24,12/4/24,CUR8* WEST ALLIS WEST 7029898987 NV,19.66,Services
12/4/24,12/4/24,RAISING CANES 0948 BROOKFIELD WI00457P,23.53,Restaurants
12/5/24,12/5/24,MILTOWN EATS LLC 4144349799 WI,50,Supermarkets
12/6/24,12/6/24,5-365 FOOD SERVICE TROY MI,1.51,Restaurants
12/6/24,12/6/24,MURF'S FROZEN CUSTARD & BROOKFIELD WI,39.07,Restaurants
12/6/24,12/6/24,PANERA BREAD #606423 O 855-372-6372 WIAPPLE PAY ENDING IN 70496051715828562510,30.24,Restaurants
12/6/24,12/6/24,SQ *MILWAUKEE MICROGRE GOSQ.COM WI0002305843021108086183,15,Supermarkets
12/7/24,12/7/24,CHICK-FIL-A #03252 2623730609 WI,21.25,Restaurants
12/7/24,12/7/24,GLOSS* TOSA WELLNESS & 8557702098 WI,223.56,Services
12/7/24,12/7/24,SP NOURISH NATURAL P 4142310955 WI,51.88,Merchandise
12/7/24,12/7/24,SQ *BIG WHITE YETI ST FRANCIS WI0002305843021119857240,32.37,Supermarkets
12/7/24,12/7/24,SQ *CLOUD 9 WORKSHOP MILWAUKEE WI0002305843021119585616,36.69,Education
12/7/24,12/7/24,SQ *CREAM CITY SOAP CO WAUWATOSA WI0002305843021120951630,36.08,Supermarkets
12/7/24,12/7/24,SQ *HAPPY BUDDHA BOUTI WAUWATOSA WI0002305843021119810111,42.27,Supermarkets
12/7/24,12/7/24,SQ *HIGHLANDS HONEY MILWAUKEE WI0002305843021119905172,20.6,Supermarkets
12/8/24,12/8/24,PY *KETTLE RANGE MEAT CO MILWAUKEE WI,50.11,Supermarkets
12/8/24,12/8/24,TST*MIDTOWN GRILL 414-837-6400 WIAPPLE PAY ENDING IN 704900039277021741672663AA,50.78,Restaurants
12/8/24,12/10/24,AMERICAN EAGLE OUTFITT WAUWATOSA WI,-38.09,Payments and Credits
12/9/24,12/9/24,"CRM WEB SOLUTIONS, LLC MOMENTPATH.COTX",114.32,Education
12/9/24,12/9/24,LEGACY GYM MKE 262-989-6696 WI,95,Travel/ Entertainment
12/9/24,12/9/24,MOD PIZZA TOSA VILLAGE 414-257-2577 WI31607625329295362,34.04,Restaurants
12/10/24,12/10/24,CENTRAL BARK-BROOKFIELD 262-781-5554 WI,10.51,Services
12/10/24,12/10/24,SP ETHIQUE USCAN 6292629069 DE,47.94,Merchandise
12/11/24,12/11/24,5-365 FOOD SERVICE TROY MI,1.49,Restaurants
12/11/24,12/11/24,PY *KETTLE RANGE MEAT CO MILWAUKEE WI,25,Supermarkets
12/11/24,12/11/24,SQ *LOUP GOSQ.COM WIAPPLE PAY ENDING IN 70490001152921514876097059,18.07,Restaurants
12/11/24,12/11/24,SQ *LOUP WAUWATOSA WI0002305843021138729799,23.19,Restaurants
12/12/24,12/12/24,CORP CHARITY GIVING 8667516031 SC,450,Services
12/12/24,12/12/24,MILTOWN EATS LLC 4144349799 WI,50,Supermarkets
12/12/24,12/12/24,SQ *MILWAUKEE ELECTRIC BROOKFIELD WI0002305843021144364728,573.04,Home Improvement
12/13/24,12/13/24,GILLES FROZEN CUSTARD MILWAUKEE WI,45.51,Restaurants
12/13/24,12/13/24,HULU 888-439-4858 CAHULU,4.32,Services
12/14/24,12/14/24,88NINE RADIO MILWAUKEE 4148927928 WI,15,Services
12/14/24,12/14/24,FULL SERVICE CAR WASH #5 WAUWATOSA WI,12.7,Automotive
12/14/24,12/14/24,PAYPAL *EXPRESSSCRI 888-221-1161 CA,25,Merchandise
12/14/24,12/14/24,SENDIK'S WAUWATOSA WAUWATOSA WIAPPLE PAY ENDING IN 3896,67.12,Supermarkets
12/14/24,12/14/24,SOMMER'S AUTOMOTIVE - 262-242-0100 WI1734127957DLQ8MTKFW,454.42,Automotive
12/14/24,12/14/24,SQ *HAPPY BUDDHA BOUTI WAUWATOSA WI0001152921514890269494,205.06,Supermarkets
12/14/24,12/14/24,VSI*TOSAREC ONLINE 414-773-2905 WIVSI*TOSAREC ONLINE,89,Government Services
12/15/24,12/15/24,SQ *JOY ICE CREAM SOCI WAUWATOSA WI0001152921514905793265,12.24,Supermarkets
12/15/24,12/15/24,TST*BLUES EGG 414-299-3180 WIAPPLE PAY ENDING IN 704900091966021878017761AA,46.82,Restaurants
12/16/24,12/16/24,365 MARKET K 888 432-329 TROY MI,1.4,Restaurants
12/16/24,12/16/24,LEGACY GYM MKE 262-989-6696 WI,95,Travel/ Entertainment
12/17/24,12/17/24,5-365 FOOD SERVICE TROY MI,1.6,Restaurants
12/17/24,12/17/24,CENTRAL BARK-BROOKFIELD 262-781-5554 WI,21.02,Services
12/17/24,12/17/24,SQ *MILWAUKEE ELECTRIC GOSQ.COM WI0002305843021158914043,129.1,Home Improvement
12/17/24,12/19/24,CREAM CITY MUSIC BROOKFIELD WI,25,Merchandise
12/17/24,12/19/24,WENDY'S #025 WAUWATOSA WI,15.62,Restaurants
12/18/24,12/19/24,CULVERS BROOKFIELD 2 BROOKFIELD WI,16.15,Restaurants
12/18/24,12/19/24,MED*FROEDTERT HEALTH I 800-803-8155 WI330941795,26.74,Medical Services
12/18/24,12/19/24,MICROSOFT#G070976769 MSBILL.INFO WA,13.24,Merchandise
12/18/24,12/19/24,SP NOURISH NATURAL P 4142310955 WI,25.42,Merchandise
12/18/24,12/19/24,SQ *HIGHLANDS HONEY GOSQ.COM WI0002305843021165187235,25,Supermarkets
12/18/24,12/19/24,TST*MISS MOLLYS CAFE & 414-249-5665 WI00037390021957859065AA,16.03,Restaurants
12/19/24,12/19/24,DRS PHILLIP & LYNNE RO BROOKFIELD WI,25,Medical Services
12/20/24,12/20/24,5-365 FOOD SERVICE TROY MI,1.33,Restaurants
12/20/24,12/20/24,FEVOINC*UNIVERSITYOFWI 833-338-6090 NY,47.28,Travel/ Entertainment
12/20/24,12/20/24,SP THIRDLOVE 8662056833 CA,52.93,Merchandise
12/20/24,12/20/24,SQ *MILWAUKEE MICROGRE GOSQ.COM WI0002305843021177042068,15,Supermarkets
12/21/24,12/21/24,FIDDLEHEADS COFFEE ROAST WAUWATOSA WI,65.89,Restaurants
12/21/24,12/21/24,LEGACY GYM MKE 262-989-6696 WI,15,Travel/ Entertainment
12/21/24,12/21/24,MURF'S FROZEN CUSTARD & BROOKFIELD WI,40.48,Restaurants
12/21/24,12/21/24,TST*MIDTOWN GRILL 414-837-6400 WI00039277022001394514AA,34.79,Restaurants
12/22/24,12/22/24,CAFE HOLLANDER W STATE 414-475-6771 WI,38.94,Restaurants
12/22/24,12/22/24,OPENAI *CHATGPT SUBSCR 4158799686 CA,20,Merchandise
12/22/24,12/22/24,SPECTRUM 855-707-7328 MORC1214694959,86.99,Services
12/23/24,12/23/24,CHICK-FIL-A #03252 2623730609 WIAPPLE PAY ENDING IN 7049,17.68,Restaurants
12/23/24,12/23/24,"CRM WEB SOLUTIONS, LLC MOMENTPATH.COTX",57.21,Education
12/23/24,12/23/24,PANERA BREAD #606423 O 855-372-6372 WIAPPLE PAY ENDING IN 70496051715837526964,23.38,Restaurants
12/23/24,12/23/24,SENDIK'S WAUWATOSA WAUWATOSA WIAPPLE PAY ENDING IN 3896,177.33,Supermarkets
12/23/24,12/23/24,SQ *HAPPY BUDDHA BOUTI WAUWATOSA WI0002305843021198983589,95.13,Supermarkets
12/24/24,12/24/24,THE BARTOLOTTA RESTAUR 8889983286 WI,150,Restaurants
12/26/24,12/26/24,EXXONMOBIL MEQUON WI,3.92,Gasoline
12/26/24,12/26/24,MILTOWN EATS LLC 4144349799 WI,50,Supermarkets
12/26/24,12/26/24,ORDER.NOODLES.COM 2122600895 COAPPLE PAY ENDING IN 7049,34.85,Restaurants
12/27/24,12/27/24,5-365 FOOD SERVICE TROY MI,4.75,Restaurants
12/27/24,12/27/24,PANERA BREAD #606423 O 855-372-6372 WIAPPLE PAY ENDING IN 70496051715838824765,24.63,Restaurants
12/27/24,12/27/24,PICK N SAVE #853 BROOKFIELD WI,11.46,Supermarkets
12/27/24,12/27/24,SOMMER'S AUTOMOTIVE - 262-242-0100 WI1735251754RIKYYCQUG,"2,684.25",Automotive
12/28/24,12/28/24,COLECTIVO COFFEE ROAST 4142733747 WIAPPLE PAY ENDING IN 7049,35.63,Supermarkets
12/28/24,12/28/24,SQ *MILWAUKEE ELECTRIC GOSQ.COM WI0002305843021217843626,99.29,Home Improvement
12/28/24,12/28/24,WWW.KOPPS.* KOPPS GREE 4142824312 WIAPPLE PAY ENDING IN 7049,51,Restaurants
12/29/24,12/29/24,MENARDS.COM EAU CLAIRE WI,13.91,Home Improvement
12/30/24,12/30/24,BL - OPEN HEARTH LODGE SISTER BAY WI,168.8,Travel/ Entertainment
12/30/24,12/30/24,MU-SPIRIT SHOP MILWAUKEE WI,92.25,Merchandise
12/30/24,12/30/24,RENARDS CHEESE STURGEON BAY WI,75.95,Merchandise
12/30/24,12/30/24,SP DOOR COUNTY CANDLE 9207462125 WI,71.74,Merchandise
12/31/24,12/31/24,5-365 FOOD SERVICE TROY MI,2.61,Restaurants
12/31/24,12/31/24,PAYMENT - THANK YOU,"-6,500",Payments and Credits
12/31/24,12/31/24,SP SPOT.CLOTHING 9208574185 WI,23.74,Merchandise
12/31/24,12/31/24,SQ *DOOR COUNTY RADIO SISTER BAY WI0002305843021236538081,49,Travel/ Entertainment
12/31/24,12/31/24,SQ *KICK ASH DOOR COUN ELLISON BAY WI0002305843021233085162,89.52,Supermarkets
12/31/24,12/31/24,THE MAIN COURSE FISH CREEK WI,34.82,Merchandise
12/31/24,12/31/24,TST*CHOP - SISTER BAY SISTER BAY WI00033726022199945457AA,113.23,Restaurants
1/1/25,1/1/25,DNR PENINSULA PARK FISH CREEK WI,43.5,Government Services
1/1/25,1/1/25,TST* BLUE BEAR- ELLISON ELLISON BAY WI,73.98,Restaurants
1/2/25,1/2/25,CULVERS HALE CORNERS 108 HALES CORNERSWI,13.06,Restaurants
1/2/25,1/2/25,MILTOWN EATS LLC 4144349799 WI,50,Supermarkets
1/2/25,1/2/25,RUCKUS & GLEE 4143953201 WI,37.04,Merchandise
1/2/25,1/2/25,SALON MARIE LLC HALES CORNERSWI,174,Services
1/2/25,1/2/25,TST* ISLAND FEVER RUM BA JACKSONPORT WI,33.87,Restaurants
1/2/25,1/2/25,WAUWATOSA SCHOOL OF MUSI WAUWATOSA WI,81,Services
1/3/25,1/3/25,5-365 FOOD SERVICE TROY MI,2.59,Restaurants
1/3/25,1/3/25,SQ *MILWAUKEE MICROGRE GOSQ.COM WI0002305843021245142870,15,Supermarkets
1/4/25,1/4/25,5-365 FOOD SERVICE TROY MI,4.75,Restaurants
1/4/25,1/4/25,CHICK-FIL-A #03252 2623730609 WIAPPLE PAY ENDING IN 7049,18.84,Restaurants
1/4/25,1/4/25,LS BENTLEYS PET STUFF 4254028833 WI,72,Merchandise
1/5/25,1/5/25,LS RUCKUS & GLEE 4143953201 WI,23.27,Merchandise
1/5/25,1/5/25,PY *KETTLE RANGE MEAT CO MILWAUKEE WI,53.08,Supermarkets
1/5/25,1/5/25,TST*BLUES EGG 414-299-3180 WIAPPLE PAY ENDING IN 704900091966022263850497AA,56.11,Restaurants
1/6/25,1/6/25,"CRM WEB SOLUTIONS, LLC MOMENTPATH.COTX",148.28,Education
1/7/25,1/7/25,5-365 FOOD SERVICE TROY MI,2.36,Restaurants
1/7/25,1/7/25,CENTRAL BARK-BROOKFIELD 262-781-5554 WI,10.51,Services
1/7/25,1/7/25,CHIPOTLE ONLINE 949-524-4000 CA,29.05,Restaurants
1/8/25,1/8/25,365 MARKET K 888 432-329 TROY MI,1.81,Restaurants
1/8/25,1/8/25,GIRL IN THE MOON MILWAUKEE WI,20.07,Merchandise
1/8/25,1/8/25,PAYPAL *DSW 888-221-1161 CA,74.12,Merchandise
1/8/25,1/8/25,RAISING CANES 0948 BROOKFIELD WI00815P,20.56,Restaurants
1/9/25,1/9/25,365 MARKET K 888 432-329 TROY MI,1,Restaurants
1/9/25,1/9/25,LEGACY GYM MKE 262-989-6696 WI,95,Travel/ Entertainment
1/9/25,1/9/25,MILTOWN EATS LLC 4144349799 WI,50,Supermarkets
1/10/25,1/10/25,PET POISON HELPLINE 800-213-6680 MN,89,Services
1/10/25,1/10/25,TST*YO MAMA - WAUWATOS WAUWATOSA WI00042815022363168745AA,15.07,Restaurants
1/11/25,1/11/25,8WISC CTR DIST MILWAUKEE WI,10.59,Restaurants
1/11/25,1/11/25,8WISC CTR DIST MILWAUKEE WI,20.57,Restaurants
1/11/25,1/11/25,FIDDLEHEADS COFFEE ROAST WAUWATOSA WI,42.37,Restaurants
1/11/25,1/11/25,MENARDS WEST ALLIS WI WEST ALLIS WI,59.29,Home Improvement
1/11/25,1/11/25,TST*FLOUR GIRL AND FLA 414-808-1106 WIAPPLE PAY ENDING IN 704900019136022360512768AA,36.39,Travel/ Entertainment
1/11/25,1/11/25,WISCONSIN VEHICLE INSPEC 866-6238378 WI,131.25,Government Services
1/11/25,1/11/25,WISCONSIN VEHICLE INSPEC 877-8552097 IL,2.63,Government Services
1/12/25,1/12/25,DOCS SMOKEHOUSE MILWAUKE MILWAUKEE WI,7.43,Restaurants
1/12/25,1/12/25,SENDIK'S WAUWATOSA WAUWATOSA WI,25.15,Supermarkets
1/12/25,1/12/25,SQ *HAPPY BUDDHA BOUTI WAUWATOSA WI0001152921515016653168,62.36,Supermarkets
1/12/25,1/12/25,TST* MAGGIOS WOOD FIRED WAUWATOSA WI,56.48,Restaurants
1/13/25,1/13/25,365 MARKET FP TROY MI,9.66,Restaurants
1/13/25,1/13/25,CAFE HOLLANDER W STATE 414-475-6771 WI,47.34,Restaurants
1/13/25,1/13/25,HULU 888-439-4858 CAHULU,4.32,Services
1/14/25,1/14/25,365 MARKET F 888 32-3299 TROY MIAPPLE PAY ENDING IN 7049,8.75,Restaurants
1/14/25,1/14/25,88NINE RADIO MILWAUKEE 4148927928 WI,15,Services
1/14/25,1/14/25,EVERVET WAUWATOSA WI,50.8,Services
1/14/25,1/14/25,WWW.MISSMOLLYSCAFE.COM 4142495665 WI,32.52,Restaurants
1/15/25,1/15/25,TST*MISS MOLLYS CAFE & 414-249-5665 WIAPPLE PAY ENDING IN 704900037390022443783971AA,23.74,Restaurants
1/16/25,1/16/25,365 MARKET F 888 32-3299 TROY MIAPPLE PAY ENDING IN 7049,25,Restaurants
1/16/25,1/16/25,CENTRAL BARK-BROOKFIELD 262-781-5554 WI,10.51,Services
1/16/25,1/16/25,CHEWY.COM 800-672-4399 FLAPPLE PAY ENDING IN 7049PMT-GJ3ANMXSLR,60.98,Merchandise
1/16/25,1/16/25,CULVERS 2122600895 WIAPPLE PAY ENDING IN 7049,32.29,Restaurants
1/16/25,1/16/25,LEGACY GYM MKE 262-989-6696 WI,95,Travel/ Entertainment
1/16/25,1/16/25,MILTOWN EATS LLC 4144349799 WI,50,Supermarkets
1/17/25,1/17/25,SQ *MILWAUKEE MICROGRE GOSQ.COM WI0002305843021275929040,15,Supermarkets
1/17/25,1/19/25,88NINE RADIO MILWAUKEE 4148927928 WI,129.6,Services
1/17/25,1/19/25,ORDER.NOODLES.COM 2122600895 CO,24.74,Restaurants
1/17/25,1/19/25,PARKSIDE 23 BROOKFIELD WI,60,Restaurants
1/18/25,1/19/25,CHICK-FIL-A #03252 2623730609 WI,29.12,Restaurants
1/18/25,1/19/25,MICROSOFT#G074891029 MSBILL.INFO WAMICROSOFT#G074891029,13.24,Merchandise
1/19/25,1/19/25,LEGACY GYM MKE 262-989-6696 WI,15,Travel/ Entertainment
1/19/25,1/19/25,MARQUETTE UNIVERSITY 8333000190 WI,400,Services
1/19/25,1/19/25,PAYPAL *VITACOSTCOM 888-221-1161 CA,62.19,Supermarkets
1/19/25,1/19/25,SENDIK'S WAUWATOSA WAUWATOSA WI,34.85,Supermarkets
1/19/25,1/19/25,SQ *LOUP GOSQ.COM WIAPPLE PAY ENDING IN 70490001152921515046847593,35.66,Restaurants
1/19/25,1/19/25,TST*MIDTOWN GRILL 414-837-6400 WIAPPLE PAY ENDING IN 704900039277022500660170AA,42.56,Restaurants
1/20/25,1/20/25,"CRM WEB SOLUTIONS, LLC MOMENTPATH.COTX",148.28,Education
1/21/25,1/21/25,CENTRAL BARK-BROOKFIELD 262-781-5554 WI,10.51,Services
1/22/25,1/22/25,OPENAI *CHATGPT SUBSCR 4158799686 CA,20,Merchandise
1/22/25,1/22/25,SPECTRUM 855-707-7328 MORC885127620,86.99,Services
1/23/25,1/23/25,5-365 FOOD SERVICE TROY MI,3.24,Restaurants
1/23/25,1/23/25,MILTOWN EATS LLC 4144349799 WI,55,Supermarkets
1/24/25,1/24/25,5-365 FOOD SERVICE TROY MI,2.01,Restaurants
1/24/25,1/24/25,MURF'S FROZEN CUSTARD & BROOKFIELD WI,46.34,Restaurants
1/25/25,1/25/25,#5993 VILLA IK MAYFAIR WAUWATOSA WI,19.13,Restaurants
1/25/25,1/25/25,BARNES & NOBLE #2944 WAUWATOSA WI,94.74,Merchandise
1/25/25,1/25/25,PANERA BREAD #606423 O 855-372-6372 WIAPPLE PAY ENDING IN 70496051715853253754,28.84,Restaurants
1/25/25,1/25/25,SQ *WOK N ROLL WAUWATOSA WI0002305843021332515066,13.34,Restaurants
1/25/25,1/25/25,TST*MISS MOLLYS CAFE & 414-249-5665 WIAPPLE PAY ENDING IN 704900037390022626905198AA,33.59,Restaurants
1/26/25,1/26/25,AMERICAN EAGLE OUTFITT PITTSBURGH PAAPPLE PAY ENDING IN 7049,26.48,Merchandise
1/27/25,1/27/25,PAYMENT - THANK YOU,"-6,525.76",Payments and Credits
1/27/25,1/27/25,PY *KETTLE RANGE MEAT CO MILWAUKEE WI,31.14,Supermarkets
1/28/25,1/28/25,CENTRAL BARK-BROOKFIELD 262-781-5554 WI,10.51,Services
1/28/25,1/28/25,SQ *MILWAUKEE ELECTRIC GOSQ.COM WI0002305843021352818020,16.1,Home Improvement
1/29/25,1/29/25,5-365 FOOD SERVICE TROY MI,3.19,Restaurants
1/29/25,1/29/25,DAVESHOTCHICKEN 2122600895 WI,39.54,Restaurants
1/29/25,1/29/25,MADACC 414-649-8640 WI120855488,13,Services
1/29/25,1/29/25,MED*FROEDTERT HEALTH I 800-803-8155 WI348385704,43.81,Medical Services
1/29/25,1/29/25,SENDIK'S WAUWATOSA WAUWATOSA WIAPPLE PAY ENDING IN 3896,39.77,Supermarkets
1/29/25,1/29/25,SP POCO PIZZA 9209482878 WI,119.25,Supermarkets
1/29/25,1/29/25,SP TRILLIUM HERBAL COM 9207465207 WIAPPLE PAY ENDING IN 7049,52.48,Merchandise
1/30/25,1/30/25,365 MARKET K 888 432-329 TROY MI,1,Restaurants
1/30/25,1/30/25,5-365 FOOD SERVICE TROY MI,3.56,Restaurants
1/30/25,1/30/25,MILTOWN EATS LLC 4144349799 WI,50,Supermarkets
1/30/25,1/30/25,SQ *VALENTINE COFFEE C MILWAUKEE WI0002305843021362817098,7.5,Restaurants
1/31/25,1/31/25,5-365 FOOD SERVICE TROY MI,4.68,Restaurants
1/31/25,1/31/25,SQ *JOY ICE CREAM SOCI WAUWATOSA WI0002305843021373952291,32.42,Supermarkets
1/31/25,1/31/25,SQ *MILWAUKEE MICROGRE GOSQ.COM WI0002305843021368021286,15,Supermarkets
2/1/25,2/1/25,INDEED 102502845 INDEED.COM TX,31.9,Services
2/1/25,2/1/25,PAYPAL *EXPRESSSCRI 888-221-1161 CA,2.1,Merchandise
2/1/25,2/1/25,SP BOMBAS 8003140980 NY,82.17,Merchandise
2/1/25,2/1/25,WWW.GILLES* GILLES FRO 8889983286 WIAPPLE PAY ENDING IN 7049,12.43,Restaurants
2/2/25,2/2/25,FIDDLEHEADS COFFEE ROAST WAUWATOSA WI,14.9,Restaurants
2/2/25,2/2/25,TST*BLUES EGG 414-299-3180 WIAPPLE PAY ENDING IN 704900091966022759689028AA,28.95,Restaurants
2/2/25,2/2/25,WAUWATOSA SCHOOL OF MUSI WAUWATOSA WI,108,Services
2/3/25,2/3/25,365 MARKET F 888 32-3299 TROY MIAPPLE PAY ENDING IN 7049,25,Restaurants
2/3/25,2/3/25,CENTRAL BARK-BROOKFIELD 262-781-5554 WI,42.04,Services
2/3/25,2/3/25,"CRM WEB SOLUTIONS, LLC MOMENTPATH.COTX",148.28,Education
2/3/25,2/3/25,PAYPAL *GIRLSCOUTSU 888-221-1161 CA,72,Services
2/4/25,2/4/25,077 HARDEES SHEBOYGAN SHEBOYGAN WI,14.33,Restaurants
2/4/25,2/4/25,365 MARKET 888 432-3299 TROY MIAPPLE PAY ENDING IN 3896,6.78,Restaurants
2/4/25,2/4/25,5-365 FOOD SERVICE TROY MI,4.31,Restaurants
2/4/25,2/4/25,CENTRAL BARK-BROOKFIELD 262-781-5554 WI,10.51,Services
2/4/25,2/4/25,LEGACY GYM MKE 262-989-6696 WI,15,Travel/ Entertainment
2/5/25,2/5/25,DSW INC. 614-237-7100 OHAPPLE PAY ENDING IN 7049,79.41,Merchandise
2/5/25,2/5/25,PAYPAL *LULULEMONUS 888-221-1161 CA,72.01,Merchandise
2/5/25,2/5/25,RAISING CANES 0948 BROOKFIELD WI00523P,32.61,Restaurants
2/5/25,2/5/25,SENDIK'S WAUWATOSA WAUWATOSA WIAPPLE PAY ENDING IN 3896,33.84,Supermarkets
2/6/25,2/6/25,365 MARKET J 888 432-329 TROY MI,1.34,Restaurants
2/6/25,2/6/25,5-365 FOOD SERVICE TROY MI,1,Restaurants
2/6/25,2/6/25,5-365 FOOD SERVICE TROY MI,3.53,Restaurants
2/6/25,2/6/25,BP#1094800LILLY BP MENOMONEE FALWI,18.81,Gasoline
2/6/25,2/6/25,DISCOVERY WORLD 4147651977 WI,322,Services
2/6/25,2/6/25,FIDDLEHEADS COFFEE ROAST WAUWATOSA WI,5.2,Restaurants
2/6/25,2/6/25,GREATER MILW SYNOD 4146711212 WI,25,Services
2/6/25,2/6/25,MILTOWN EATS LLC 4144349799 WI,50,Supermarkets
2/7/25,2/7/25,YMCA OF GREATER WAUKESHA 262-542-2557 WI,75,Services
2/8/25,2/8/25,CHIPOTLE ONLINE 949-524-4000 CA,22.87,Restaurants
2/8/25,2/8/25,RAY'S WINE AND SPIRITS WAUWATOSA WI,50.35,Merchandise
2/8/25,2/8/25,SENDIK'S WAUWATOSA WAUWATOSA WI,72.12,Supermarkets
2/8/25,2/8/25,TST* BARTOLOTTA - JOEY G GREENDALE WI,79.59,Restaurants
2/9/25,2/9/25,CORNER BAKERY CAFE 1602 MILWAUKEE WI,7.1,Restaurants
2/9/25,2/9/25,DICKS SPORTING GOODS WAUWATOSA TN,43.4,Merchandise
2/9/25,2/9/25,LEGACY GYM MKE 262-989-6696 WI,95,Travel/ Entertainment
2/9/25,2/9/25,SENDIK'S WAUWATOSA WAUWATOSA WIAPPLE PAY ENDING IN 3896,15.94,Supermarkets
2/9/25,2/9/25,TST*BLUES EGG 414-299-3180 WIAPPLE PAY ENDING IN 704900091966022895609191AA,49.61,Restaurants
2/10/25,2/10/25,365 MARKET J 888 432-329 TROY MI,1.35,Restaurants
2/10/25,2/10/25,CENTRAL BARK-BROOKFIELD 262-781-5554 WI,42.04,Services
2/11/25,2/11/25,365 MARKET J 888 432-329 TROY MI,1.35,Restaurants
2/11/25,2/11/25,CENTRAL BARK-BROOKFIELD 262-781-5554 WI,21.02,Services
2/11/25,2/11/25,FIDDLEHEADS COFFEE ROAST WAUWATOSA WI,6.03,Restaurants
2/11/25,2/11/25,HAHN ACE-MENOMONEE FALLS MENOMONEE FLSWI,24.14,Home Improvement
2/11/25,2/11/25,LEGACY GYM MKE 262-989-6696 WI,250,Travel/ Entertainment
2/11/25,2/11/25,NORDSTROM DIRECT #0808 CEDAR RAPIDS IA,51.09,Department Stores
2/11/25,2/11/25,UWM SCE 414-2273200 WI,375,Education
2/12/25,2/12/25,365 MARKET J 888 432-329 TROY MI,3,Restaurants
2/12/25,2/12/25,365 MARKET K 888 432-329 TROY MI,1,Restaurants
2/12/25,2/12/25,FIDDLEHEADS COFFEE ROAST WAUWATOSA WI,10.74,Restaurants
2/12/25,2/12/25,MED*FROEDTERT HEALTH I 800-803-8155 WI354416252,193.47,Medical Services
2/13/25,2/13/25,365 MARKET F 888 32-3299 TROY MIAPPLE PAY ENDING IN 7049,25,Restaurants
2/13/25,2/13/25,365 MARKET J 888 432-329 TROY MI,1.34,Restaurants
2/13/25,2/13/25,ACT*CLUB SCIKIDZ LLC 8006634991 TX,860,Travel/ Entertainment
2/13/25,2/13/25,CULVERS 2122600895 WI,29,Restaurants
2/13/25,2/13/25,DICKSSPORTINGGOODS.COM 0000000000 PA,16.91,Merchandise
2/13/25,2/13/25,DICKSSPORTINGGOODS.COM 0000000000 PA,62.2,Merchandise
2/13/25,2/13/25,HULU 888-439-4858 CAHULU,4.32,Services
2/13/25,2/13/25,SALON MARIE LLC HALES CORNERSWI,34,Services
2/14/25,2/14/25,SQ *MILWAUKEE MICROGRE GOSQ.COM WI0002305843021447743648,15,Supermarkets
2/14/25,2/14/25,WWW.GILLES* GILLES FRO 8889983286 WIAPPLE PAY ENDING IN 7049,46.24,Restaurants
2/14/25,2/16/25,VSI*TOSAREC ONLINE 414-773-2905 WIVSI*TOSAREC ONLINE,-89,Payments and Credits
2/15/25,2/15/25,5-365 FOOD SERVICE TROY MI,2.89,Restaurants
2/15/25,2/15/25,COLECTIVO COFFEE ROAST 4142733747 WIAPPLE PAY ENDING IN 7049,35.49,Supermarkets
2/15/25,2/15/25,NOODLES & CO 210 WAUWATOSA WI,24.57,Restaurants
2/16/25,2/16/25,MOD PIZZA TOSA VILLAGE WAUWATOSA WI2052,45.45,Restaurants
2/16/25,2/16/25,SENDIK'S WAUWATOSA WAUWATOSA WIAPPLE PAY ENDING IN 3896,69.33,Supermarkets
2/17/25,2/17/25,CENTRAL BARK-BROOKFIELD 262-781-5554 WI,42.04,Services
2/17/25,2/17/25,"CRM WEB SOLUTIONS, LLC MOMENTPATH.COTX",148.28,Education
2/17/25,2/17/25,LEGACY GYM MKE 262-989-6696 WI,95,Travel/ Entertainment
2/17/25,2/17/25,TST* CAFE HOLLANDER TOSA WAUWATOSA WIAPPLE PAY ENDING IN 7049,38.72,Restaurants
2/18/25,2/18/25,DSW INC. 614-237-7100 OHAPPLE PAY ENDING IN 7049,63.52,Merchandise
2/18/25,2/19/25,CENTRAL BARK-BROOKFIELD 262-781-5554 WI,10.51,Services
2/18/25,2/19/25,SQ *VALENTINE COFFEE C MILWAUKEE WI0002305843021473149420,7.88,Restaurants
2/19/25,2/19/25,MICROSOFT-G079048855 REDMOND WA,13.24,Merchandise
2/19/25,2/19/25,RAISING CANES 0948 BROOKFIELD WI01912P,32.41,Restaurants
2/20/25,2/20/25,365 MARKET K 888 432-329 TROY MI,1,Restaurants
2/20/25,2/20/25,MILTOWN EATS LLC 4144349799 WI,50,Supermarkets
2/20/25,2/21/25,DICK'S SPORTING GOODS WAUWATOSA TN,-10.59,Payments and Credits
2/21/25,2/21/25,5-365 FOOD SERVICE TROY MI,1.89,Restaurants
2/21/25,2/21/25,MORFOODSMKE.COM 4142493316 WI,18.85,Merchandise
2/21/25,2/21/25,PY *KETTLE RANGE MEAT CO MILWAUKEE WI,52.27,Supermarkets
2/21/25,2/21/25,TST*DAWG CITY - 144 MILWAUKEE WI00096909023145256454AA,20.31,Restaurants
2/22/25,2/22/25,METCALFE'S MARKET WAUWATOSA WIAPPLE PAY ENDING IN 3896,9.99,Supermarkets
2/22/25,2/22/25,METCALFE'S MARKET WAUWATOSA WI,50.18,Supermarkets
2/22/25,2/22/25,PAYPAL *EXPRESSSCRI 888-221-1161 CA,25.89,Merchandise
2/22/25,2/22/25,SENDIK'S WAUWATOSA WAUWATOSA WIAPPLE PAY ENDING IN 3896,18.06,Supermarkets
2/22/25,2/22/25,SPECTRUM 855-707-7328 MORC1308782011,89.99,Services
2/23/25,2/23/25,LA DAMA MEXICAN KITCHE MILWAUKEE WI02315P,8.55,Restaurants
2/23/25,2/23/25,SQ *MEMENTO LLC WAUWATOSA WI0002305843021504867467,27,Restaurants
2/23/25,2/23/25,SQ *RAY'S GROWLER GALL WAUWATOSA WI0002305843021505028733,11,Restaurants
2/23/25,2/23/25,TST*BLUES EGG 414-299-3180 WIAPPLE PAY ENDING IN 704900091966023169741188AA,48.68,Restaurants
2/24/25,2/24/25,365 MARKET J 888 432-329 TROY MI,1.34,Restaurants
2/24/25,2/24/25,CENTRAL BARK-BROOKFIELD 262-781-5554 WI,42.04,Services
2/25/25,2/25/25,CENTRAL BARK-BROOKFIELD 262-781-5554 WI,10.51,Services
2/26/25,2/26/25,365 MARKET J 888 432-329 TROY MI,1.34,Restaurants
2/26/25,2/26/25,5-365 FOOD SERVICE TROY MI,0.92,Restaurants
2/26/25,2/26/25,RAISING CANES 0948 BROOKFIELD WI02691P,32.41,Restaurants
2/26/25,2/26/25,TICKETSOURCE 8554443181 DEAPPLE PAY ENDING IN 7049,6.17,Travel/ Entertainment
2/27/25,2/27/25,GILLES FROZEN CUSTARD MILWAUKEE WI,20.5,Restaurants
2/27/25,2/27/25,MILTOWN EATS LLC 4144349799 WI,50,Supermarkets
2/27/25,2/27/25,WEST ALLIS WEST 7029898987 NVAPPLE PAY ENDING IN 7049,19.66,Services
2/28/25,2/28/25,5-365 FOOD SERVICE TROY MI,0.99,Restaurants
2/28/25,2/28/25,ORDER.NOODLES.COM 2122600895 COAPPLE PAY ENDING IN 7049,27.74,Restaurants
2/28/25,2/28/25,PMC - PAID PARKING 6153520415 TN,12.41,Services
2/28/25,2/28/25,SQ *MILWAUKEE MICROGRE GOSQ.COM WI0002305843021529040851,15,Supermarkets
3/1/25,3/1/25,ADVENTURE ROCK BKF 262-790-6800 WI,435,Travel/ Entertainment
3/1/25,3/1/25,GILLES FROZEN CUSTARD MILWAUKEE WI,46.21,Restaurants
3/1/25,3/1/25,SENDIK'S WAUWATOSA WAUWATOSA WIAPPLE PAY ENDING IN 3896,27.16,Supermarkets
3/1/25,3/1/25,SP THRIVECAUSEMETICS 8888044318 WA,32.83,Merchandise
3/1/25,3/1/25,SP THRIVECAUSEMETICS 8888044318 WA,69.89,Merchandise
3/1/25,3/1/25,TST*CRANKY ALS 414-258-5282 WIAPPLE PAY ENDING IN 704900020123023304506702AA,10.8,Restaurants
3/2/25,3/2/25,PY *KETTLE RANGE MEAT CO MILWAUKEE WI,56.95,Supermarkets
3/2/25,3/2/25,SP NOURISH NATURAL P 4142310955 WI,69.88,Merchandise
3/2/25,3/2/25,TST*MIDTOWN GRILL 414-837-6400 WIAPPLE PAY ENDING IN 704900039277023318768489AA,44.92,Restaurants
3/2/25,3/2/25,WAUWATOSA SCHOOL OF MUSI WAUWATOSA WI,108,Services
3/3/25,3/3/25,BAKER BOOK HOUSE 8662416733 MI,14.07,Services
3/3/25,3/3/25,CENTRAL BARK-BROOKFIELD 262-781-5554 WI,42.04,Services
3/3/25,3/3/25,"CRM WEB SOLUTIONS, LLC MOMENTPATH.COTX",148.28,Education
3/3/25,3/3/25,"SPARTAN RACE, INC. 5084330041 MA",79.09,Travel/ Entertainment
3/4/25,3/4/25,365 MARKET F 888 32-3299 TROY MIAPPLE PAY ENDING IN 7049,20,Restaurants
3/4/25,3/4/25,CENTRAL BARK-BROOKFIELD 262-781-5554 WI,10.51,Services
3/4/25,3/4/25,PAYMENT - THANK YOU,"-6,243.36",Payments and Credits
3/4/25,3/4/25,SP MILWAUKEE MICROGREE 4144556335 WI,15,Merchandise
3/5/25,3/5/25,365 MARKET J 888 432-329 TROY MI,1.34,Restaurants
3/5/25,3/5/25,5-365 FOOD SERVICE TROY MI,2.61,Restaurants
3/5/25,3/5/25,DSW MAYFAIR RD WAUWATOSA WI,42.35,Merchandise
3/5/25,3/5/25,ORDER.NOODLES.COM 2122600895 COAPPLE PAY ENDING IN 7049,34.23,Restaurants
3/5/25,3/5/25,SENDIK'S WAUWATOSA WAUWATOSA WIAPPLE PAY ENDING IN 3896,20.59,Supermarkets
3/6/25,3/6/25,DICKS SPORTING GOODS WAUWATOSA TN,31.72,Merchandise
3/6/25,3/6/25,MILTOWN EATS LLC 4144349799 WI,50,Supermarkets
3/7/25,3/7/25,MURF'S FROZEN CUSTARD & BROOKFIELD WI,9.59,Restaurants
3/7/25,3/7/25,REI #60 BROOKFIELD BROOKFIELD WI00744P,26.25,Merchandise
3/8/25,3/8/25,APPLE.COM/BILL 866-712-7753 CAMVGL0HF7L3A0,4.03,Merchandise
3/8/25,3/8/25,COLECTIVO COFFEE ROAST 4142733747 WIAPPLE PAY ENDING IN 7049,24.35,Supermarkets
3/8/25,3/8/25,TST* BB'S ON NORTH WAUWATOSA WI,64,Restaurants
3/9/25,3/9/25,LEGACY GYM MKE 262-989-6696 WI,95,Travel/ Entertainment
3/9/25,3/9/25,SENDIK'S WAUWATOSA WAUWATOSA WI,72.2,Supermarkets
3/9/25,3/9/25,TST* CAFE HOLLANDER TOSA WAUWATOSA WI,84.1,Restaurants
3/10/25,3/10/25,CENTRAL BARK-BROOKFIELD 262-781-5554 WI,42.04,Services
3/11/25,3/11/25,365 MARKET 888 432-3299 TROY MI,7.87,Restaurants
3/11/25,3/11/25,CENTRAL BARK-BROOKFIELD 262-781-5554 WI,10.51,Services
3/11/25,3/11/25,KOHL'S #0039 BROOKFIELD WI,78.72,Department Stores
3/11/25,3/11/25,SQ *VALENTINE COFFEE C MILWAUKEE WI0002305843021601927983,10.76,Restaurants
3/12/25,3/12/25,CULVERS 2122600895 WIAPPLE PAY ENDING IN 7049,27.26,Restaurants
3/13/25,3/13/25,5-365 FOOD SERVICE TROY MI,1.71,Restaurants
3/13/25,3/13/25,HULU 888-439-4858 CAHULU,4.32,Services
3/13/25,3/13/25,SP THIRDLOVE 8662056833 CA,140.33,Merchandise
3/14/25,3/14/25,5-365 FOOD SERVICE TROY MI,4.5,Restaurants
3/14/25,3/14/25,AMERICAN EAGLE OUTFITT PITTSBURGH PAAPPLE PAY ENDING IN 7049,80.4,Merchandise
3/14/25,3/14/25,SQ *BLACK TWIG BAKERY WAUWATOSA WI0002305843021618629415,13.3,Merchandise
3/15/25,3/15/25,LEGACY GYM MKE 262-989-6696 WI,95,Travel/ Entertainment
3/15/25,3/15/25,"PY *WRITE ON, DOOR COUNT 920-868-1457 WIPY *WRITE ON, DOOR COUNT",350,Services
3/15/25,3/15/25,TST*BABES BUBBLE WAFFL BROOKFIELD WI00198616023633432498AA,16.29,Restaurants
3/16/25,3/16/25,MICHAELS STORES 6709 BROOKFIELD WI6709004078902503161049,23.76,Merchandise
3/16/25,3/16/25,SENDIK'S WAUWATOSA WAUWATOSA WIAPPLE PAY ENDING IN 3896,64.81,Supermarkets
3/16/25,3/16/25,THE CORNERSTONE INN EGG HARBOR WI,234.95,Travel/ Entertainment
3/16/25,3/16/25,TST* CHAMPPS AMERICANA BROOKFIELD WI,71.31,Restaurants
3/16/25,3/16/25,TST*BLUES EGG 414-299-3180 WIAPPLE PAY ENDING IN 704900091966023620107461AA,44,Restaurants
3/17/25,3/17/25,CENTRAL BARK-BROOKFIELD 262-781-5554 WI,42.04,Services
3/17/25,3/17/25,"CRM WEB SOLUTIONS, LLC MOMENTPATH.COTX",74.19,Education
3/18/25,3/19/25,5-365 FOOD SERVICE TROY MI,0.77,Restaurants
3/18/25,3/19/25,CENTRAL BARK-BROOKFIELD 262-781-5554 WI,10.51,Services
3/18/25,3/19/25,MCK SWAN SERV U PHARMACY MILWAUKEE WI,7.19,Merchandise
3/18/25,3/19/25,SP MILWAUKEE MICROGREE 4144556335 WI,15,Merchandise
3/19/25,3/19/25,365 MARKET J 888 432-329 TROY MI,3,Restaurants
3/19/25,3/19/25,5-365 FOOD SERVICE TROY MI,0.67,Restaurants
3/19/25,3/19/25,AMAZON MKTPL*3R1926ID3 AMZN.COM/BILLWA6BXQ3DPG90F,41.28,Merchandise
3/19/25,3/19/25,MICROSOFT#G083480685 MSBILL.INFO WA,13.24,Merchandise
3/19/25,3/19/25,MURF'S FROZEN CUSTARD & BROOKFIELD WI,24.15,Restaurants
3/19/25,3/19/25,NOODLES & CO 223 WAUWATOSA WI,21.47,Restaurants
3/19/25,3/19/25,QDOBA 2856 OLO 414-755-8001 WI33930048152993796,28.5,Restaurants
3/20/25,3/20/25,365 MARKET F 888 32-3299 TROY MIAPPLE PAY ENDING IN 7049,20,Restaurants
3/20/25,3/20/25,SP POCO PIZZA 9209482878 WIAPPLE PAY ENDING IN 7049,102.75,Supermarkets
3/20/25,3/20/25,SQ *VALENTINE COFFEE C MILWAUKEE WI0002305843021654738969,22.35,Restaurants
3/21/25,3/21/25,5-365 FOOD SERVICE TROY MI,5.09,Restaurants
3/21/25,3/21/25,CULVERS 2122600895 WI,11.22,Restaurants
3/21/25,3/21/25,DINING TROY MI,3.51,Restaurants
3/21/25,3/21/25,NOODLES & CO 210 WAUWATOSA WI,27.56,Restaurants
3/21/25,3/21/25,ROSEBUD CINEMA DRAFTHOUS MILWAUKEE WI,7,Travel/ Entertainment
3/21/25,3/21/25,ROSEBUD CINEMA DRAFTHOUS MILWAUKEE WI,21,Travel/ Entertainment
3/21/25,3/21/25,SENDIK'S WAUWATOSA WAUWATOSA WIAPPLE PAY ENDING IN 3896,9.87,Supermarkets
3/22/25,3/22/25,CHICK-FIL-A #03252 2623730609 WI,20.51,Restaurants
3/22/25,3/22/25,FIDDLEHEADS COFFEE ROAST WAUWATOSA WI,32.82,Restaurants
3/22/25,3/22/25,SPECTRUM 855-707-7328 MORC948511720,89.99,Services
3/23/25,3/23/25,CENTRAL BARK-BROOKFIELD 262-781-5554 WI,299.55,Services
3/23/25,3/23/25,"LOWE'S OF WAUWATOSA, WI WAUWATOSA WI",24.82,Home Improvement
3/23/25,3/23/25,MARKEL PERSONAL LINES 800-236-2453 WI,154,Services
3/24/25,3/24/25,CENTRAL BARK-BROOKFIELD 262-781-5554 WI,42.04,Services
3/24/25,3/24/25,MASABI PRTREADY2RIDE 412-442-2000 PA4780367377U8R923,20,Travel/ Entertainment
3/24/25,3/24/25,PITT BOOK CENTER 001 PITTSBURGH PA,18.16,Merchandise
3/24/25,3/24/25,SOHO PITTSBURGH PA,65,Restaurants
3/24/25,3/24/25,STARBUCKS STORE 27117 PITTSBURGH PA33A21175AC1B674954,13.85,Restaurants
3/25/25,3/25/25,BURGATORY - NORTH SHORE PITTSBURGH PA,31.51,Restaurants
3/25/25,3/25/25,FOTOFX PITTSBURGH ZOO A PITTSBURGH PA,35.31,Services
3/25/25,3/25/25,MASABI PRTREADY2RIDE 412-442-2000 PAAPPLE PAY ENDING IN 704949008948G7U8TX1P,7,Travel/ Entertainment
3/25/25,3/25/25,MASABI PRTREADY2RIDE 412-442-2000 PA48384741A7U8ZW29,10,Travel/ Entertainment
3/25/25,3/25/25,MCK - TOWNE DRUGS - 8048 ASPINWALL PA,8.56,Merchandise
3/25/25,3/25/25,PAYMENT - THANK YOU,"-4,300",Payments and Credits
3/25/25,3/25/25,PITTSBURGH ZOO 4123652511 PA,33,Services
3/25/25,3/25/25,SSA - PITTSBURGH ZOO & A PITTSBURGH PA,31,Restaurants
3/25/25,3/25/25,SSA PITTSBURGH ZOO PITTSBURGH PA,32,Merchandise
3/25/25,3/25/25,SSA PITTSBURGH ZOO PITTSBURGH PA,39,Merchandise
3/25/25,3/25/25,THE FOUNDRY PITTSBURGH PA,67.31,Restaurants
3/25/25,3/25/25,TST* MIKE'S BEER BAR PITTSBURGH PA,80,Restaurants
3/26/25,3/26/25,AT *HIST SOC W PA PITTSBURGH PA,40,Services
3/26/25,3/26/25,EIDES ENTERTAINMENT PITTSBURGH PA,20.31,Merchandise
3/26/25,3/26/25,FSP*HEINZ HISTORY CENTER PITTSBURGH PA,4.82,Travel/ Entertainment
3/26/25,3/26/25,FSP*HEINZ HISTORY CENTER PITTSBURGH PA,51.5,Travel/ Entertainment
3/26/25,3/26/25,HIEBERS PHARMACY PITTSBURGH PA,2.45,Merchandise
3/26/25,3/26/25,MASABI PRTREADY2RIDE 412-442-2000 PAAPPLE PAY ENDING IN 704940653668D8O4WBP4,7,Travel/ Entertainment
3/26/25,3/26/25,MASABI PRTREADY2RIDE 412-442-2000 PA41467996X8O4Y656,12,Travel/ Entertainment
3/26/25,3/26/25,PEACE LOVE & LITTLE DONU PITTSBURGH PA,13.46,Merchandise
3/26/25,3/26/25,TST*PAMELAS DINER - ST PITTSBURGH PA00015766023869286854AA,59.73,Restaurants
3/27/25,3/27/25,BURGATORY - NORTH SHORE PITTSBURGH PA,88,Restaurants
3/27/25,3/27/25,CHILDREN'S MUSEUM OF PIT PITTSBURGH PA,23.54,Merchandise
3/27/25,3/27/25,CHILDREN'S MUSEUM OF PIT PITTSBURGH PA,55,Merchandise
3/27/25,3/27/25,GIVEN TO FLY LLC PITTSBURGH PA,21.16,Restaurants
3/27/25,3/27/25,MASABI PRTREADY2RIDE 412-442-2000 PAAPPLE PAY ENDING IN 704942163452D8O4XFJT,7,Travel/ Entertainment
3/27/25,3/27/25,MIJO412 LLC PITTSBURGH PA,17.49,Restaurants
3/27/25,3/27/25,MILTOWN EATS LLC 4144349799 WI,50,Supermarkets
3/27/25,3/27/25,PRANTL'S BAKERY- NORTHSI PITTSBURGH PA,18.42,Restaurants
3/27/25,3/27/25,SPO*PROPERBRICKOVEN&TAPR PITTSBURGH PA,150,Restaurants
3/27/25,3/27/25,THE WARHOL STORE PITTSBURGH PA,30.23,Merchandise
3/28/25,3/28/25,MASABI PRTREADY2RIDE 412-442-2000 PA45037884X8O4Z3GV,5.5,Travel/ Entertainment
3/28/25,3/28/25,MKE SMARTPARK MILWAUKEE WI,2,Services
3/28/25,3/28/25,SBARRO 5291 UNION STATIO CHICAGO IL,25.08,Restaurants
3/29/25,3/29/25,CENTRAL BARK-BROOKFIELD 262-781-5554 WI,96.69,Services
3/29/25,3/29/25,MASABI PRTREADY2RIDE 412-442-2000 PAAPPLE PAY ENDING IN 704945371008N8O50NM5,2.75,Travel/ Entertainment
3/29/25,3/29/25,METCALFE'S MARKET WAUWATOSA WI,40.98,Supermarkets
3/29/25,3/29/25,OUTPOST NATURAL FOODS CO WAUWATOSA WI,37.64,Supermarkets
3/29/25,3/29/25,PY *KETTLE RANGE MEAT CO MILWAUKEE WI,45.68,Supermarkets
3/29/25,3/29/25,SPRINGHILL SUITES BY MAR 4123239005 PA,112.64,Travel/ Entertainment
3/29/25,3/29/25,SQ *CREAM CITY SOAP CO WAUWATOSA WI0002305843021721912839,39.4,Supermarkets
3/29/25,3/29/25,WAUWATOSA ACE HARDWARE WAUWATOSA WI,15.86,Home Improvement
3/30/25,3/30/25,TST*BLUES EGG 414-299-3180 WIAPPLE PAY ENDING IN 704900091966023939484078AA,41.92,Restaurants
3/31/25,3/31/25,CENTRAL BARK-BROOKFIELD 262-781-5554 WI,42.04,Services
3/31/25,3/31/25,"CRM WEB SOLUTIONS, LLC MOMENTPATH.COTX",148.28,Education
4/1/25,4/1/25,5-365 FOOD SERVICE TROY MI,2.38,Restaurants
4/1/25,4/1/25,AMERICAN EAGLE OUTFITT PITTSBURGH PAAPPLE PAY ENDING IN 7049,63.48,Merchandise
4/1/25,4/1/25,AMERICAN EAGLE OUTFITT PITTSBURGH PAAPPLE PAY ENDING IN 7049,72.21,Merchandise
4/1/25,4/1/25,CENTRAL BARK-BROOKFIELD 262-781-5554 WI,10.51,Services
4/1/25,4/1/25,SP MILWAUKEE MICROGREE 4144556335 WI,15,Merchandise
4/1/25,4/1/25,SQ *VALENTINE COFFEE C MILWAUKEE WI0002305843021736378047,8.59,Restaurants
4/1/25,4/1/25,SUBWAY 45983 MENOMONEE FALWI,11.06,Restaurants
4/2/25,4/2/25,365 MARKET J 888 432-329 TROY MI,1.34,Restaurants
4/2/25,4/2/25,CHICK-FIL-A #03252 2623730609 WI,29.07,Restaurants
4/2/25,4/2/25,INDEED USI25-01665470 INDEED.COM TX,137.83,Services
4/2/25,4/2/25,WAUWATOSA SCHOOL OF MUSI WAUWATOSA WI,108,Merchandise
4/3/25,4/3/25,COLECTIVO COFFEE ROAST 4142733747 WIAPPLE PAY ENDING IN 7049,7.66,Supermarkets
4/3/25,4/3/25,UWGB FOUNDATION 9204652074 WI,26.25,Services
4/4/25,4/4/25,5-365 FOOD SERVICE TROY MI,2.08,Restaurants
4/4/25,4/4/25,AMTRAK MOBILE 202-906-3000 DCAPPLE PAY ENDING IN 7049,64,Travel/ Entertainment
4/4/25,4/4/25,TST*JOY ICE CREAM SOCI WAUWATOSA WI00229365024076741324AA,11.17,Merchandise
4/4/25,4/4/25,TST*MAXIES MILWAUKEE WI00091948024074638762AA,82,Restaurants
4/4/25,4/4/25,TST*MISS MOLLYS CAFE & 414-249-5665 WIAPPLE PAY ENDING IN 704900037390024067378707AA,17.5,Restaurants
4/5/25,4/5/25,5-365 FOOD SERVICE TROY MI,0.5,Restaurants
4/5/25,4/5/25,5-365 FOOD SERVICE TROY MI,4,Restaurants
4/5/25,4/5/25,FIDDLEHEADS COFFEE ROAST WAUWATOSA WI,20.01,Restaurants
4/5/25,4/5/25,GLOSS* TOSA WELLNESS & 8557702098 WI,223.56,Services
4/5/25,4/5/25,MICHAELS STORES 6709 BROOKFIELD WI6709004011832504051250,18.33,Merchandise
4/5/25,4/5/25,ORDER.NOODLES.COM 2122600895 COAPPLE PAY ENDING IN 7049,25.27,Restaurants
4/5/25,4/5/25,SENDIK'S WAUWATOSA WAUWATOSA WIAPPLE PAY ENDING IN 3896,87.13,Supermarkets
4/5/25,4/5/25,SQ *HAPPY BUDDHA BOUTI WAUWATOSA WI0002305843021768511432,85.62,Supermarkets
4/5/25,4/7/25,AMERICAN EAGLE OUTFITT WAUWATOSA WI,-62.68,Payments and Credits
4/6/25,4/6/25,PAYPAL *EDDIE BAUER 888-221-1161 CA,25.84,Merchandise
4/6/25,4/6/25,RAISING CANES 0948 BROOKFIELD WI00651P,32.4,Restaurants
4/6/25,4/6/25,TST* LION'S TAIL BREWING WAUWATOSA WI,8.03,Restaurants
4/6/25,4/6/25,TST* LION'S TAIL BREWING WAUWATOSA WI,8.77,Restaurants
4/7/25,4/7/25,BOSWELL BOOK COMPANY 414-332-1181 WI,31.28,Merchandise
4/7/25,4/7/25,CENTRAL BARK-BROOKFIELD 262-781-5554 WI,42.04,Services
4/8/25,4/8/25,5-365 FOOD SERVICE TROY MI,4.71,Restaurants
4/8/25,4/8/25,CENTRAL BARK-BROOKFIELD 262-781-5554 WI,10.51,Services
4/8/25,4/8/25,PAYPAL *EDDIE BAUER 888-221-1161 CA,60.9,Merchandise
4/9/25,4/9/25,AMTRAK MOBILE 202-906-3000 DCAPPLE PAY ENDING IN 7049,4,Travel/ Entertainment
4/9/25,4/9/25,CULVERS 2122600895 WI,32.19,Restaurants
4/9/25,4/9/25,LEGACY GYM MKE 262-989-6696 WI,95,Travel/ Entertainment
4/9/25,4/9/25,MILESTONE PLUMBING WAUWATOSA WI,287.33,Services
4/10/25,4/10/25,AMTRAK MOBILE 202-906-3000 DCAPPLE PAY ENDING IN 7049,102,Travel/ Entertainment
4/10/25,4/10/25,CULVERS HALE CORNERS 108 HALES CORNERSWI,13.27,Restaurants
4/10/25,4/10/25,MILTOWN EATS LLC 4144349799 WI,50,Supermarkets
4/10/25,4/10/25,SALON MARIE LLC HALES CORNERSWI,309,Services
4/10/25,4/11/25,AMTRAK MOBILE 202-906-3000 DCAPPLE PAY ENDING IN 7049,-64,Payments and Credits
4/10/25,4/11/25,AMTRAK MOBILE 202-906-3000 DCAPPLE PAY ENDING IN 7049,-4,Payments and Credits
4/11/25,4/11/25,365 MARKET J 888 432-329 TROY MI,1.35,Restaurants
4/11/25,4/11/25,BALLPARC MKE MILWAUKEE WI,10,Services
4/11/25,4/11/25,CAFE ZUPAS 8018784536 UTAPPLE PAY ENDING IN 7049,14.56,Restaurants
4/11/25,4/11/25,"WHEEL SPROCKET, OPS MILWAUKEE WI",521.53,Merchandise
4/12/25,4/12/25,AUNTIE ANNE'S PRETZELS CHICAGO IL,16.69,Restaurants
4/12/25,4/12/25,NOODLES & CO 672 CHICAGO IL,25.74,Restaurants
4/13/25,4/13/25,BOSWELL BOOK COMPANY MILWAUKEE WI,16.53,Merchandise
4/13/25,4/13/25,BOSWELL BOOK COMPANY MILWAUKEE WI,58.14,Merchandise
4/13/25,4/13/25,HULU 888-439-4858 CAHULU,4.32,Services
4/13/25,4/13/25,QDOBA 2856 OLO 414-755-8001 WI34511633444192256,24.95,Restaurants
4/13/25,4/13/25,SENDIK'S WAUWATOSA WAUWATOSA WIAPPLE PAY ENDING IN 3896,12.48,Supermarkets
4/13/25,4/13/25,SENDIK'S WAUWATOSA WAUWATOSA WI,46.35,Supermarkets
4/13/25,4/13/25,TST*BLUES EGG 414-299-3180 WIAPPLE PAY ENDING IN 704900091966024251473336AA,45.29,Restaurants
4/13/25,4/14/25,EDDIE BAUER 4164 414-475-7114 WI,-34.42,Payments and Credits
4/14/25,4/14/25,365 MARKET J 888 432-329 TROY MI,1.34,Restaurants
4/14/25,4/14/25,CENTRAL BARK-BROOKFIELD 262-781-5554 WI,42.04,Services
4/14/25,4/14/25,"CRM WEB SOLUTIONS, LLC MOMENTPATH.COTX",148.28,Education
4/15/25,4/15/25,CENTRAL BARK-BROOKFIELD 262-781-5554 WI,10.51,Services
4/15/25,4/15/25,LEGACY GYM MKE 262-989-6696 WI,95,Travel/ Entertainment
4/15/25,4/15/25,SP MILWAUKEE MICROGREE 4144556335 WI,15,Merchandise
4/15/25,4/15/25,SQ *VALENTINE COFFEE C MILWAUKEE WI0002305843021833499950,9.65,Restaurants
4/16/25,4/16/25,5-365 FOOD SERVICE TROY MI,1.98,Restaurants
4/16/25,4/16/25,CHICK-FIL-A #03252 2623730609 WI,29.07,Restaurants
4/16/25,4/16/25,SPEEDWAY 04220 MILWAUKEE MILWAUKEE WIAPPLE PAY ENDING IN 3896,15.92,Gasoline
4/17/25,4/17/25,5-365 FOOD SERVICE TROY MI,3.41,Restaurants
4/17/25,4/17/25,MILTOWN EATS LLC 4144349799 WI,50,Supermarkets
4/18/25,4/19/25,TABIO LLC* NEIGHBORHOO 4149159462 WI,40.97,Merchandise
4/19/25,4/19/25,COLECTIVO COFFEE ROAST 4142733747 WIAPPLE PAY ENDING IN 7049,43.56,Supermarkets
4/19/25,4/19/25,MICROSOFT-G088147592 REDMOND WA,13.24,Merchandise
4/19/25,4/19/25,MURF'S FROZEN CUSTARD & BROOKFIELD WI,44.02,Restaurants
4/19/25,4/19/25,SENDIK'S WAUWATOSA WAUWATOSA WI,33.69,Supermarkets
4/19/25,4/19/25,SP BIRCH LIVING 8883300781 NY,"1,487.90",Merchandise
4/19/25,4/19/25,TST*MISS MOLLYS CAFE & 414-249-5665 WIAPPLE PAY ENDING IN 704900037390024415689965AA,37.92,Restaurants
4/20/25,4/20/25,FIDDLEHEADS COFFEE ROAST WAUWATOSA WI,17.5,Restaurants
4/21/25,4/21/25,365 MARKET J 888 432-329 TROY MI,1.35,Restaurants
4/21/25,4/21/25,CENTRAL BARK-BROOKFIELD 262-781-5554 WI,42.04,Services
4/21/25,4/21/25,MICHAELS #9490 800-642-4235 TXAPPLE PAY ENDING IN 70494000109099903353,2.77,Merchandise
4/21/25,4/21/25,SENDIK'S WAUWATOSA WAUWATOSA WI,6,Supermarkets
4/22/25,4/22/25,CENTRAL BARK-BROOKFIELD 262-781-5554 WI,10.51,Services
4/22/25,4/22/25,SPECTRUM 855-707-7328 MORC1000306274,89.99,Services
4/23/25,4/23/25,5-365 FOOD SERVICE TROY MI,2.89,Restaurants
4/23/25,4/23/25,CULVERS 2122600895 WI,28.94,Restaurants
4/23/25,4/23/25,SENDIK'S WAUWATOSA WAUWATOSA WIAPPLE PAY ENDING IN 3896,31.39,Supermarkets
4/24/25,4/24/25,5-365 FOOD SERVICE TROY MI,12.73,Restaurants
4/24/25,4/24/25,AAA INSURANCE GW EFT 800-222-6424 MI,645.05,Services
4/24/25,4/24/25,AAA INSURANCE GW EFT 800-222-6424 MI,"1,036.43",Services
4/24/25,4/24/25,ARTE WINE AND PAINTING S 4147362302 WI,75,Travel/ Entertainment
4/24/25,4/24/25,MILTOWN EATS LLC 4144349799 WI,50,Supermarkets
4/24/25,4/24/25,PAYMENT - THANK YOU,"-5,846.18",Payments and Credits
4/25/25,4/25/25,5-365 FOOD SERVICE TROY MI,5.2,Restaurants
4/25/25,4/25/25,SQ *STONE CREEK COFFEE MILWAUKEE WI0002305843021903554198,9.5,Restaurants
4/25/25,4/25/25,WWW.GILLES* GILLES FRO 8889983286 WIAPPLE PAY ENDING IN 7049,51.26,Restaurants
4/26/25,4/26/25,5-365 FOOD SERVICE TROY MI,5.05,Restaurants
4/26/25,4/26/25,MARCUS NORTH SHORE CONC MEQUON WI,47.94,Travel/ Entertainment
4/26/25,4/26/25,PAYPAL *ORO DI OLIV ORO 888-221-1161 CA,54,Supermarkets
4/26/25,4/26/25,SENDIK'S WAUWATOSA WAUWATOSA WIAPPLE PAY ENDING IN 3896,42.69,Supermarkets
4/26/25,4/26/25,SP DRINK ZYN 8663765996 WI,49.99,Supermarkets
4/27/25,4/27/25,VIP PHOTO - VIPIS.COM 262-375-4457 WI,12.71,Services
4/28/25,4/28/25,365 MARKET J 888 432-329 TROY MI,3.24,Restaurants
4/28/25,4/28/25,365 MARKET K 888 432-329 TROY MI,1.86,Restaurants
4/28/25,4/28/25,CENTRAL BARK-BROOKFIELD 262-781-5554 WI,42.04,Services
4/28/25,4/28/25,"CRM WEB SOLUTIONS, LLC MOMENTPATH.COTX",148.28,Education
4/28/25,4/28/25,SQ *HIGHLANDS HONEY GOSQ.COM WI0002305843021924124648,27,Supermarkets
4/28/25,4/28/25,SQ *VALENTINE COFFEE C MILWAUKEE WI0002305843021924017457,17.42,Restaurants
4/29/25,4/29/25,CENTRAL BARK-BROOKFIELD 262-781-5554 WI,10.51,Services
4/30/25,4/30/25,MED*FROEDTERT HEALTH I 800-803-8155 WI390856281,31.97,Medical Services
4/30/25,4/30/25,SCHOLASTIC BOOK FAIRS R4 LAKE MARY FL,28,Merchandise
5/1/25,5/1/25,BOSWELL BOOK COMPANY 414-332-1181 WI,29.35,Merchandise
5/1/25,5/1/25,GIGISPLAYHOUSE.ORG 8478857529 IL,171.28,Services
5/1/25,5/1/25,MILTOWN EATS LLC 4144349799 WI,50,Supermarkets
5/1/25,5/1/25,MILWAUKEE COUNTY TRANSIT 414-344-4550 WI,10,Travel/ Entertainment
5/1/25,5/1/25,PAYPAL *CHEWY INC 888-221-1161 CA,23.24,Merchandise
5/1/25,5/1/25,RAISING CANES 0948 MOB 972-769-3100 WIAPPLE PAY ENDING IN 70494928762824884227,32.2,Restaurants
5/1/25,5/2/25,SP MILWAUKEE MICROGREE 4144556335 WI,-15,Payments and Credits
5/2/25,5/2/25,PAYPAL *CHEWY INC 888-221-1161 CA,156.49,Merchandise
5/2/25,5/2/25,TST*YO MAMA - WAUWATOS WAUWATOSA WI00042815024710342737AA,8.65,Restaurants
5/2/25,5/2/25,WAUWATOSA SCHOOL OF MUSI WAUWATOSA WI,112,Merchandise
5/3/25,5/3/25,COLLECTORS EDGE COMICS MILWAUKEE WI,33.38,Merchandise
5/3/25,5/3/25,FIDDLEHEADS COFFEE ROAST WAUWATOSA WI,42.9,Restaurants
5/3/25,5/3/25,NOODLES & CO 206 MILWAUKEE WI,32.53,Restaurants
5/3/25,5/3/25,SP ECOEVIE APPAREL MILWAUKEE WI,186.38,Merchandise
5/3/25,5/3/25,SP NOURISH NATURAL P BAYSIDE WI,62.49,Merchandise
5/3/25,5/3/25,SQ *BIG WHITE YETI ST FRANCIS WI0002305843021960758547,32.37,Supermarkets
5/3/25,5/3/25,SQ *HAPPY BUDDHA BOUTI WAUWATOSA WI0002305843021960692674,42.26,Supermarkets
5/3/25,5/3/25,SQ *THE TURNING PAGE MILWAUKEE WI0002305843021964104576,36.25,Merchandise
5/3/25,5/3/25,THE HOME DEPOT #4940 MENOMONEE FLSWI,65.65,Home Improvement
5/3/25,5/3/25,TST* LUCKY JOES WAUWATOSA WI,81.82,Restaurants
5/4/25,5/4/25,LS BENTLEYS PET STUFF WAUWATOSA WI,80.46,Merchandise
5/4/25,5/4/25,WWW.GILLES* GILLES FRO 8889983286 WIAPPLE PAY ENDING IN 7049,37.13,Restaurants
5/5/25,5/5/25,CENTRAL BARK-BROOKFIELD 262-781-5554 WI,42.04,Services
5/5/25,5/5/25,TOSA DENTAL LLC WAUWATOSA WI,88,Medical Services
5/6/25,5/6/25,5-365 FOOD SERVICE TROY MI,2.16,Restaurants
5/6/25,5/6/25,CENTRAL BARK-BROOKFIELD 262-781-5554 WI,21.02,Services
5/7/25,5/7/25,365 PAY 8883657382 MI,20,Restaurants
5/7/25,5/7/25,5-365 FOOD SERVICE TROY MI,3.09,Restaurants
5/7/25,5/7/25,CULVERS 2122600895 WIAPPLE PAY ENDING IN 7049,30.09,Restaurants
5/7/25,5/7/25,GLOSS* TOSA WELLNESS & WAUWATOSA WI,297.56,Services
5/8/25,5/8/25,5-365 FOOD SERVICE TROY MI,4.05,Restaurants
5/8/25,5/8/25,MILTOWN EATS LLC 4144349799 WI,50,Supermarkets
5/9/25,5/9/25,5-365 FOOD SERVICE TROY MI,3.83,Restaurants
5/9/25,5/9/25,LALLIS PIZZA WAUWATOSA WI,23,Restaurants
5/9/25,5/9/25,LEGACY GYM MKE 262-989-6696 WI,95,Travel/ Entertainment
5/9/25,5/9/25,SQ *BE BEAUTY EGG HARBOR WI0002305843022004057682,152.71,Merchandise
5/10/25,5/10/25,5-365 FOOD SERVICE TROY MI,2.73,Restaurants
5/11/25,5/11/25,SENDIK'S WAUWATOSA WAUWATOSA WIAPPLE PAY ENDING IN 3896,91.33,Supermarkets
5/12/25,5/12/25,CENTRAL BARK-BROOKFIELD 262-781-5554 WI,42.04,Services
5/12/25,5/12/25,"CRM WEB SOLUTIONS, LLC MOMENTPATH.COTX",148.28,Education
5/13/25,5/13/25,5-365 FOOD SERVICE TROY MI,0.92,Restaurants
5/13/25,5/13/25,CENTRAL BARK-BROOKFIELD 262-781-5554 WI,10.51,Services
5/13/25,5/13/25,HULU 8778244858 CA,4.32,Services
5/14/25,5/14/25,5-365 FOOD SERVICE TROY MI,5.65,Restaurants
5/14/25,5/14/25,AMAZON MKTPL*NZ0DB4CF2 AMZN.COM/BILLWA1K51H9IBS13,142.95,Merchandise
5/14/25,5/14/25,CHICK-FIL-A #03252 2623730609 WI,18.8,Restaurants
5/15/25,5/15/25,5-365 FOOD SERVICE TROY MI,2.59,Restaurants
5/15/25,5/15/25,LEGACY GYM MKE 262-989-6696 WI,95,Travel/ Entertainment
5/15/25,5/15/25,SALON MARIE LLC HALES CORNERSWI,34,Services
5/16/25,5/16/25,DINING TROY MI,1.6,Restaurants
5/16/25,5/16/25,WWW.GILLES* GILLES FRO 8889983286 WI,50.34,Restaurants
5/17/25,5/17/25,OUTPOST NATURAL FOODS CO WAUWATOSA WI,22.83,Supermarkets
5/17/25,5/17/25,OUTPOST NATURAL FOODS CO WAUWATOSA WI,83.4,Supermarkets
5/17/25,5/19/25,SENDIK'S ELM GROVE ELM GROVE WIAPPLE PAY ENDING IN 3896,18.96,Supermarkets
5/17/25,5/19/25,SHADY LANE GREENHOUSES MENOMONEE FALWI,169.58,Merchandise
5/18/25,5/19/25,NOODLES & CO 210 WAUWATOSA WI,28.78,Restaurants
5/18/25,5/19/25,TST* ARTE WINE AND PAIN WAUWATOSA WI,343.63,Restaurants
5/19/25,5/19/25,CENTRAL BARK-BROOKFIELD 262-781-5554 WI,42.04,Services
5/19/25,5/19/25,MICROSOFT#G092924365 MSBILL.INFO WA,13.24,Merchandise
5/19/25,5/19/25,PANERA BREAD #606423 O 855-372-6372 WIAPPLE PAY ENDING IN 70496051715915962677,34.01,Restaurants
5/20/25,5/20/25,365 MARKET J 888 432-329 TROY MI,1.35,Restaurants
5/20/25,5/20/25,365 MARKET K 888 432-329 TROY MI,1.86,Restaurants
5/20/25,5/20/25,5-365 FOOD SERVICE TROY MI,4.8,Restaurants
5/20/25,5/20/25,CENTRAL BARK-BROOKFIELD 262-781-5554 WI,10.51,Services
5/20/25,5/20/25,SP LEINIE LODGE 7157235557 WI,16.31,Merchandise
5/20/25,5/20/25,SP MOLSON COORS 4149312337 WI,21.18,Merchandise
5/21/25,5/21/25,365 MARKET J 888 432-329 TROY MI,1.35,Restaurants
5/21/25,5/21/25,CULVERS 2122600895 WI,18.25,Restaurants
5/22/25,5/22/25,365 MARKET J 888 432-329 TROY MI,2,Restaurants
5/22/25,5/22/25,HYATT REGENCY SCHAUMBURG 847-605-1234 IL,364.56,Travel/ Entertainment
5/22/25,5/22/25,MILTOWN EATS LLC 4144349799 WI,50,Supermarkets
5/22/25,5/22/25,NOODLES AND COMPANY 2122600895 COAPPLE PAY ENDING IN 7049,35.48,Restaurants
5/22/25,5/22/25,PAYPAL *TOTALWINE 888-221-1161 CA,31.47,Merchandise
5/22/25,5/22/25,SPECTRUM 855-707-7328 MORC1056141824,89.99,Services
5/22/25,5/22/25,TOTAL WINE AND MORE BROOKFIELD WI,8.91,Merchandise
5/22/25,5/22/25,TST*YO MAMA - WAUWATOS WAUWATOSA WI00042815025178834173AA,13,Restaurants
5/23/25,5/23/25,PAYMENT - THANK YOU,"-7,244.22",Payments and Credits
5/23/25,5/23/25,PY *KETTLE RANGE MEAT CO MILWAUKEE WI,85.36,Supermarkets
5/23/25,5/23/25,SENDIK'S WAUWATOSA WAUWATOSA WI,19,Supermarkets
5/24/25,5/24/25,5-365 FOOD SERVICE TROY MI,4.13,Restaurants
5/24/25,5/24/25,QDOBA 2856 OLO 414-755-8001 WI35455247443116032,17.72,Restaurants
5/24/25,5/24/25,SENDIK'S WAUWATOSA WAUWATOSA WI,19,Supermarkets
5/24/25,5/24/25,SQ *COLECTIVO GOSQ.COM WIAPPLE PAY ENDING IN 70490002305843022103368308,44.07,Restaurants
5/25/25,5/25/25,AGA SERVICE COMPANY 800-628-4908 VA,61.44,Services
5/25/25,5/25/25,AMTRAK .COM 800-872-7245 DC,943.5,Travel/ Entertainment
5/26/25,5/26/25,APPLE.COM/US 800-692-7753 CAAPPLE PAY ENDING IN 7049,1.89,Merchandise
5/26/25,5/26/25,CENTRAL BARK-BROOKFIELD 262-781-5554 WI,42.04,Services
5/26/25,5/26/25,"CRM WEB SOLUTIONS, LLC MOMENTPATH.COTX",148.28,Education
5/26/25,5/26/25,SENDIK'S WAUWATOSA WAUWATOSA WIAPPLE PAY ENDING IN 3896,30.91,Supermarkets
5/26/25,5/26/25,SQ *COLECTIVO WAUWATOSA WI0002305843022121454879,20.19,Restaurants
5/27/25,5/27/25,CENTRAL BARK-BROOKFIELD 262-781-5554 WI,10.51,Services
5/27/25,5/27/25,SQ *VALENTINE COFFEE C MILWAUKEE WI0002305843022125993582,10.05,Restaurants
5/28/25,5/28/25,365 MARKET J 888 432-329 TROY MI,2,Restaurants
5/28/25,5/28/25,NOODLES AND COMPANY 2122600895 COAPPLE PAY ENDING IN 7049,36.28,Restaurants
5/28/25,5/28/25,PP*SOUTHWEST 888-221-1161 CA,5.6,Travel/ Entertainment
5/28/25,5/28/25,PP*SOUTHWEST 888-221-1161 CA,5.6,Travel/ Entertainment
5/28/25,5/28/25,PP*SOUTHWEST 888-221-1161 CA,5.6,Travel/ Entertainment
5/29/25,5/29/25,MILTOWN EATS LLC 4144349799 WI,50,Supermarkets
5/30/25,5/30/25,365 MARKET J 888 432-329 TROY MI,1.35,Restaurants
5/30/25,5/30/25,DINING TROY MI,2.34,Restaurants
5/30/25,5/30/25,TST*YO MAMA - WAUWATOS WAUWATOSA WI00042815025369552864AA,14.03,Restaurants
5/31/25,5/31/25,LALLIS PIZZA WAUWATOSA WI,36,Restaurants
5/31/25,5/31/25,LISBON AVE. ACE HARDWARE MILWAUKEE WI,39.35,Home Improvement
6/1/25,6/1/25,"PY *WRITE ON, DOOR COUNT 920-868-1457 WIPY *WRITE ON, DOOR COUNT",45,Services
6/1/25,6/1/25,SENDIK'S WAUWATOSA WAUWATOSA WIAPPLE PAY ENDING IN 3896,52,Supermarkets
6/2/25,6/2/25,CENTRAL BARK-BROOKFIELD 262-781-5554 WI,42.04,Services
6/2/25,6/2/25,TST* CENTRAL STANDARD CR MILWAUKEE WI,133.4,Restaurants
6/2/25,6/2/25,WAUWATOSA SCHOOL OF MUSI WAUWATOSA WI,112,Merchandise
6/3/25,6/3/25,5-365 FOOD SERVICE TROY MI,3.66,Restaurants
6/3/25,6/3/25,CENTRAL BARK-BROOKFIELD 262-781-5554 WI,10.51,Services
6/4/25,6/4/25,5-365 FOOD SERVICE TROY MI,3.12,Restaurants
6/4/25,6/4/25,RAISING CANES 0948 BROOKFIELD WI00489P,32.61,Restaurants
6/5/25,6/5/25,5-365 FOOD SERVICE TROY MI,5.03,Restaurants
6/5/25,6/5/25,MILTOWN EATS LLC 4144349799 WI,50,Supermarkets
6/5/25,6/5/25,POCO PIZZA 888-221-1161 WI,120,Supermarkets
6/5/25,6/5/25,SENDIK'S WAUWATOSA WAUWATOSA WIAPPLE PAY ENDING IN 3896,29,Supermarkets
6/5/25,6/5/25,SP MILWAUKEE MICROGREE 4144556335 WI,10,Merchandise
6/6/25,6/6/25,EDDIEBAUER ECOMMERCE 425-755-6100 WAAPPLE PAY ENDING IN 7049,80.48,Merchandise
6/6/25,6/6/25,NOODLES & CO 209 MENOMONEE FALWI,43.71,Restaurants
6/7/25,6/7/25,WWW.GILLES* GILLES FRO 8889983286 WI,40.09,Restaurants
6/8/25,6/8/25,NAIL DESIGN WAUWATOSA WI,78,Services
6/8/25,6/8/25,SQ *HAPPY BUDDHA BOUTI WAUWATOSA WI0002305843022207552230,29.6,Supermarkets
6/8/25,6/8/25,TST*NORTH AVENUE GRILL WAUWATOSA WI00021253025588470836AA,29.49,Restaurants
6/9/25,6/9/25,CENTRAL BARK-BROOKFIELD 262-781-5554 WI,42.04,Services
6/9/25,6/9/25,"CRM WEB SOLUTIONS, LLC MOMENTPATH.COTX",59.37,Education
6/9/25,6/9/25,LEGACY GYM MKE 262-989-6696 WI,95,Travel/ Entertainment
6/10/25,6/10/25,5-365 FOOD SERVICE TROY MI,2.53,Restaurants
6/10/25,6/10/25,CENTRAL BARK-BROOKFIELD 262-781-5554 WI,21.02,Services
6/10/25,6/10/25,SQ *VLIET MILWAUKEE WI0002305843022218656943,14.26,Restaurants
6/11/25,6/11/25,5-365 FOOD SERVICE TROY MI,1.53,Restaurants
6/11/25,6/11/25,MURF'S FROZEN CUSTARD & BROOKFIELD WI,50.97,Restaurants
6/11/25,6/11/25,SQ *MILWAUKEE ELECTRIC MILWAUKEE WI0002305843022227163075,115.5,Home Improvement
6/12/25,6/12/25,5-365 FOOD SERVICE TROY MI,2.95,Restaurants
6/12/25,6/12/25,CHICK-FIL-A #03252 2623730609 WI,18.8,Restaurants
6/12/25,6/12/25,NOODLES & CO 223 WAUWATOSA WI,28.14,Restaurants
6/13/25,6/13/25,EDDIEBAUER ECOMMERCE 425-755-6100 WAAPPLE PAY ENDING IN 7049,-40.24,Payments and Credits
6/13/25,6/13/25,HULU 888-439-4858 CAHULU,4.32,Services
6/13/25,6/13/25,PANERA BREAD #601548 O 414-831-7777 WIAPPLE PAY ENDING IN 70496051715929430072,17,Restaurants
6/13/25,6/13/25,SQ *CREAM CITY SOAP CO MILWAUKEE WI0002305843022241131039,28.48,Supermarkets
6/13/25,6/13/25,THE HOME DEPOT #4923 WAUWATOSA WI,17.97,Home Improvement
6/14/25,6/14/25,5-365 FOOD SERVICE TROY MI,1,Restaurants
6/14/25,6/14/25,5-365 FOOD SERVICE TROY MI,1.67,Restaurants
6/14/25,6/14/25,APPLE.COM/BILL 866-712-7753 CA,11.64,Merchandise
6/14/25,6/14/25,CHICK-FIL-A #03252 2623730609 WI,18.8,Restaurants
6/14/25,6/14/25,WAUWATOSA ACE HARDWARE WAUWATOSA WI,31.75,Home Improvement
6/15/25,6/15/25,JULIES PARK CAFE & MOTEL FISH CREEK WI,"1,237.15",Travel/ Entertainment
6/15/25,6/15/25,LEGACY GYM MKE 262-989-6696 WI,95,Travel/ Entertainment
6/15/25,6/15/25,MED*CHILDRENS WISCONSI 414-266-6262 WI412201958,19.78,Medical Services
6/16/25,6/16/25,CENTRAL BARK-BROOKFIELD 262-781-5554 WI,42.04,Services
6/17/25,6/17/25,THE WHITE GULL INN RESTA FISH CREEK WI,74.05,Restaurants
6/17/25,6/17/25,YMCA OF GREATER WAUKESHA 262-542-2557 WI,249,Services
6/17/25,6/19/25,NORTHERN SKY THEATER EPHRAIM WI,86.96,Services
6/18/25,6/19/25,JULIES PARK CAFE & MOTEL FISH CREEK WI,181.6,Travel/ Entertainment
6/18/25,6/19/25,SP DC SUNGLASS CO STURGEON BAY WI,26.38,Merchandise
6/18/25,6/19/25,TST*JULIES PARK CAFE 920-868-2999 WIAPPLE PAY ENDING IN 704900096547025812543591AA,4.75,Restaurants
6/19/25,6/19/25,HIDE SIDE CORNER STORE FISH CREEK WI,44.27,Merchandise
6/19/25,6/19/25,MICROSOFT#G097821460 MSBILL.INFO WA,13.24,Merchandise
6/19/25,6/19/25,MILTOWN EATS LLC 4144349799 WI,50,Supermarkets
6/19/25,6/19/25,SQ *EVERGREEN MINIATUR FISH CREEK WI0002305843022279974849,34.66,Travel/ Entertainment
6/19/25,6/19/25,SQ *GRASSE?S GRILL GOSQ.COM WI0001152921515600776992,39.93,Restaurants
6/19/25,6/19/25,THE FARM INC STURGEON BAY WI,17.5,Travel/ Entertainment
6/20/25,6/20/25,SQ *NOT LICKED YET FRO FISH CREEK WI0002305843022294555813,15.03,Restaurants
6/20/25,6/20/25,THE THIRSTY COW TAPHOUSE BAILEYS HARBOWI,70,Restaurants
6/21/25,6/21/25,CULVERS WASHINGTON AVE SHEBOYGAN WI,27.92,Restaurants
6/21/25,6/21/25,SENDIK'S WAUWATOSA WAUWATOSA WIAPPLE PAY ENDING IN 3896,70.16,Supermarkets
6/21/25,6/21/25,SP RENARDS CHEESE STURGEON BAY WI,83.94,Merchandise
6/21/25,6/21/25,TST*JULIES PARK CAFE FISH CREEK WI00096547025889384865AA,55.36,Restaurants
6/22/25,6/22/25,PAYPAL *CHEWY INC 888-221-1161 CA,24.39,Merchandise
6/22/25,6/22/25,SPECTRUM 855-707-7328 MORC1450751473,89.99,Services
6/23/25,6/23/25,365 MARKET J 888 432-329 TROY MI,1.35,Restaurants
6/23/25,6/23/25,CENTRAL BARK-BROOKFIELD 262-781-5554 WI,42.04,Services
6/23/25,6/23/25,MED*FROEDTERT HEALTH I 800-803-8155 WI416133730,1.55,Medical Services
6/23/25,6/23/25,SENDIK'S WAUWATOSA WAUWATOSA WI,8,Supermarkets
6/24/25,6/24/25,CENTRAL BARK-BROOKFIELD 262-781-5554 WI,10.51,Services
6/25/25,6/25/25,5-365 FOOD SERVICE TROY MI,1.89,Restaurants
6/25/25,6/25/25,MURF'S FROZEN CUSTARD & BROOKFIELD WI,46.35,Restaurants
6/25/25,6/25/25,PAYPAL *CHEWY INC 888-221-1161 CA,105.89,Merchandise
6/26/25,6/26/25,5-365 FOOD SERVICE TROY MI,4.12,Restaurants
6/26/25,6/26/25,KWIK TRIP #586 BUTLER WI,43.52,Gasoline
6/26/25,6/26/25,SALON MARIE LLC HALES CORNERSWI,34,Services
6/27/25,6/27/25,5-365 FOOD SERVICE TROY MI,3,Restaurants
6/27/25,6/27/25,PANERA BREAD #606218 K MILWAUKEE WIAPPLE PAY ENDING IN 389602755P,33.99,Restaurants
6/28/25,6/28/25,GLOSS* TOSA WELLNESS & WAUWATOSA WI,235.98,Services
6/28/25,6/28/25,TST* CAFE HOLLANDER TOSA WAUWATOSA WIAPPLE PAY ENDING IN 7049,48.46,Restaurants
6/29/25,6/29/25,SENDIK'S WAUWATOSA WAUWATOSA WIAPPLE PAY ENDING IN 3896,54,Supermarkets
6/29/25,6/29/25,SQ *HAPPY BUDDHA BOUTI WAUWATOSA WI0002305843022362268265,93.02,Supermarkets
6/30/25,6/30/25,AMG EMH RADIOLOGY BROOKFIELD WI,49,Medical Services
6/30/25,6/30/25,APPLIANCE GALLERY 414-3423300 WI,"5,000",Merchandise
6/30/25,6/30/25,CENTRAL BARK-BROOKFIELD 262-781-5554 WI,42.04,Services
6/30/25,6/30/25,EB *DRAW AT DANDY WITH 801-413-7200 CA,7.6,Services
7/1/25,7/1/25,5-365 FOOD SERVICE TROY MI,1.31,Restaurants
7/1/25,7/1/25,CENTRAL BARK-BROOKFIELD 262-781-5554 WI,10.51,Services
7/1/25,7/1/25,DISCOVERY WORLD 4147651977 WI,130,Services
7/1/25,7/1/25,DISCOVERY WORLD 4147651977 WI,370,Services
7/1/25,7/1/25,PAYMENT - THANK YOU,"-6,200",Payments and Credits
7/2/25,7/2/25,365 MARKET J 888 432-329 TROY MI,3,Restaurants
7/2/25,7/2/25,5-365 FOOD SERVICE TROY MI,1.44,Restaurants
7/2/25,7/2/25,EVERVET WAUWATOSA WI,388.99,Services
7/2/25,7/2/25,PP*TOSA TONIGHT MILWAUKEE WI,8,Services
7/2/25,7/2/25,SQ *LEFF'S LUCKY TOWN MILWAUKEE WI0002305843022382413452,31,Restaurants
7/2/25,7/2/25,WAUWATOSA SCHOOL OF MUSI WAUWATOSA WI,112,Merchandise
7/3/25,7/3/25,MILTOWN EATS LLC 4144349799 WI,50,Supermarkets
7/3/25,7/3/25,PAYMENT - THANK YOU,"-5,000",Payments and Credits
7/4/25,7/4/25,5-365 FOOD SERVICE TROY MI,4.47,Restaurants
7/4/25,7/4/25,SP RAYS WINE AND SPIRI WAUWATOSA WI,29.2,Merchandise
7/5/25,7/5/25,METCALFE'S MARKET WAUWATOSA WIAPPLE PAY ENDING IN 3896,79.17,Supermarkets
7/5/25,7/5/25,SP ECOEVIE APPAREL MILWAUKEE WI,82.6,Merchandise
7/6/25,7/6/25,FIDDLEHEADS COFFEE ROAST WAUWATOSA WI,14.36,Restaurants
7/7/25,7/7/25,CENTRAL BARK-BROOKFIELD 262-781-5554 WI,42.04,Services
7/7/25,7/7/25,TST*JOY ICE CREAM SOCI WAUWATOSA WI00229365026276097398AA,20.07,Merchandise
7/8/25,7/8/25,365 MARKET K 888 432-329 TROY MI,1.4,Restaurants
7/8/25,7/8/25,5-365 FOOD SERVICE TROY MI,3.31,Restaurants
7/8/25,7/8/25,CENTRAL BARK-BROOKFIELD 262-781-5554 WI,10.51,Services
7/8/25,7/8/25,TST* JAMBA JUICE - 0481 CHICAGO IL,9.67,Restaurants
7/9/25,7/9/25,365 MARKET J 888 432-329 TROY MI,1.34,Restaurants
7/9/25,7/9/25,365 MARKET J 888 432-329 TROY MI,2,Restaurants
7/9/25,7/9/25,EXXONMOBIL WAUWATOSA WI,43.45,Gasoline
7/9/25,7/9/25,HEIRLOOM MKE MILWAUKEE WI,50.33,Supermarkets
7/9/25,7/9/25,LEGACY GYM MKE 262-989-6696 WI,95,Travel/ Entertainment
7/10/25,7/10/25,MILTOWN EATS LLC 4144349799 WI,50,Supermarkets
7/10/25,7/10/25,STARBUCKS STORE 47309 BROOKFIELD WIA45729BA4A34690333,14.81,Restaurants
7/11/25,7/11/25,5-365 FOOD SERVICE TROY MI,3.11,Restaurants
7/11/25,7/11/25,HOT HOUSE TAVERN MENOMONEE FALWI,42.18,Restaurants
7/12/25,7/12/25,NOODLES AND COMPANY 2122600895 COAPPLE PAY ENDING IN 7049,35.48,Restaurants
7/13/25,7/13/25,HULU 888-439-4858 CAHULU,4.32,Services
7/13/25,7/13/25,SENDIK'S WAUWATOSA WAUWATOSA WIAPPLE PAY ENDING IN 3896,54,Supermarkets
7/14/25,7/14/25,365 MARKET J 888 432-329 TROY MI,3,Restaurants
7/14/25,7/14/25,365 MARKET K 888 432-329 TROY MI,1,Restaurants
7/14/25,7/14/25,CENTRAL BARK-BROOKFIELD 262-781-5554 WI,42.04,Services
7/14/25,7/14/25,SQ *TREE-RIPE FRUIT CO MILWAUKEE WI0002305843022463653661,34,Supermarkets
7/14/25,7/14/25,TARGET 00025866091 MILWAUKEE WI,3.93,Supermarkets
7/14/25,7/14/25,TODDYCAFE.COM 9704930788 CO,62.16,Merchandise
7/15/25,7/15/25,CENTRAL BARK-BROOKFIELD 262-781-5554 WI,10.51,Services
7/15/25,7/15/25,LEGACY GYM MKE 262-989-6696 WI,95,Travel/ Entertainment
7/15/25,7/15/25,YMCA OF GREATER WAUKESHA 262-542-2557 WI,224,Services
7/16/25,7/16/25,5-365 FOOD SERVICE TROY MI,1.46,Restaurants
7/16/25,7/16/25,CHICK-FIL-A #03252 2623730609 WI,28.59,Restaurants
7/16/25,7/16/25,MURF'S FROZEN CUSTARD & BROOKFIELD WI,9.99,Restaurants
7/17/25,7/17/25,5-365 FOOD SERVICE TROY MI,1.4,Restaurants
7/17/25,7/17/25,MILTOWN EATS LLC 4144349799 WI,50,Supermarkets
7/17/25,7/17/25,PANERA BREAD #606423 K WAUWATOSA WIAPPLE PAY ENDING IN 38966051715947927645,34.01,Restaurants
7/17/25,7/19/25,SENDIK'S WAUWATOSA WAUWATOSA WIAPPLE PAY ENDING IN 3896,10,Supermarkets
7/18/25,7/19/25,5-365 FOOD SERVICE TROY MI,4.05,Restaurants
7/18/25,7/19/25,DINING TROY MI,3.2,Restaurants
7/18/25,7/19/25,DINING TROY MI,3.86,Restaurants
7/18/25,7/19/25,MARCUS CENTER-SAZAMA'S MILWAUKEE WI,17.25,Travel/ Entertainment
7/18/25,7/19/25,MARCUS CENTER-SAZAMA'S MILWAUKEE WI,36.8,Travel/ Entertainment
7/18/25,7/19/25,MICROSOFT#G102912914 MSBILL.INFO WA,13.24,Merchandise
7/18/25,7/19/25,SQ *MY AUNTIES KITCHEN MILWAUKEE WI0002305843022489706209,8.65,Restaurants
7/19/25,7/19/25,SQSP* INV190726831 6465803456 NY,14,Services
7/20/25,7/20/25,SECURE PARKING USA 4148475723 WIAPPLE PAY ENDING IN 7049,6,Services
7/20/25,7/20/25,SP NOURISH NATURAL P 4142310955 WI,67.76,Merchandise
7/20/25,7/20/25,SP THRIVECAUSEMETICS 8888044318 WA,7.41,Merchandise
7/20/25,7/20/25,SQ *BIG WHITE YETI MILWAUKEE WI0002305843022504624909,32.37,Supermarkets
7/20/25,7/20/25,TST* CAFE HOLLANDER TOSA WAUWATOSA WIAPPLE PAY ENDING IN 7049,50.59,Restaurants
7/21/25,7/21/25,365 MARKET J 888 432-329 TROY MI,2,Restaurants
7/21/25,7/21/25,CENTRAL BARK-BROOKFIELD 262-781-5554 WI,42.04,Services
7/21/25,7/21/25,WALGREENS #10196 WAUWATOSA WI,8.77,Merchandise
7/22/25,7/22/25,5-365 FOOD SERVICE TROY MI,2.84,Restaurants
7/22/25,7/22/25,CENTRAL BARK-BROOKFIELD 262-781-5554 WI,10.51,Services
7/22/25,7/22/25,PY *KETTLE RANGE MEAT CO MILWAUKEE WI,34.95,Supermarkets
7/22/25,7/22/25,SPECTRUM 855-707-7328 MORC1146643002,89.99,Services
7/23/25,7/23/25,5-365 FOOD SERVICE TROY MI,3,Restaurants
7/23/25,7/23/25,BP#8292112GOGO PANTRY IN WAUWATOSA WI,40,Gasoline
7/23/25,7/23/25,RAISING CANES 0948 BROOKFIELD WI02350P,32.2,Restaurants
7/24/25,7/24/25,5-365 FOOD SERVICE TROY MI,1.58,Restaurants
7/24/25,7/24/25,MILTOWN EATS LLC 4144349799 WI,50,Supermarkets
7/25/25,7/25/25,5-365 FOOD SERVICE TROY MI,2.68,Restaurants
7/25/25,7/25/25,ALLYS BISTRO MENOMONEE FALWI,18.09,Restaurants
7/25/25,7/25/25,SENDIK'S WAUWATOSA WAUWATOSA WIAPPLE PAY ENDING IN 3896,32,Supermarkets
7/25/25,7/25/25,SQ *COLECTIVO WAUWATOSA WI0001152921515758771633,17.69,Restaurants
7/26/25,7/26/25,WAUWATOSA ACE HARDWARE WAUWATOSA WI,41.27,Home Improvement
7/28/25,7/28/25,CENTRAL BARK-BROOKFIELD 262-781-5554 WI,42.04,Services
7/28/25,7/28/25,NOODLES AND COMPANY 2122600895 COAPPLE PAY ENDING IN 7049,11.22,Restaurants
7/29/25,7/29/25,365 MARKET J 888 432-329 TROY MI,3,Restaurants
7/29/25,7/29/25,365 MARKET K 888 432-329 TROY MI,1,Restaurants
7/29/25,7/29/25,5-365 FOOD SERVICE TROY MI,2.78,Restaurants
7/29/25,7/29/25,CENTRAL BARK-BROOKFIELD 262-781-5554 WI,10.51,Services
7/29/25,7/29/25,CULVERS 2122600895 WIAPPLE PAY ENDING IN 7049,33.15,Restaurants
7/29/25,7/29/25,PAYMENT - THANK YOU,"-4,200",Payments and Credits
7/29/25,7/29/25,ZOO MILWAUKEE ADYEN.COM WI,90,Services
7/30/25,7/30/25,365 MARKET J 888 432-329 TROY MI,2,Restaurants
7/30/25,7/30/25,365 MARKET J 888 432-329 TROY MI,3,Restaurants
7/30/25,7/30/25,365 MARKET K 888 432-329 TROY MI,1.86,Restaurants
7/30/25,7/30/25,365 PAY 8883657382 MI,10,Restaurants
7/30/25,7/30/25,5-365 FOOD SERVICE TROY MI,4.01,Restaurants
7/30/25,7/30/25,THE RIDGES 9208392802 WIAPPLE PAY ENDING IN 7049,70,Services
7/31/25,7/31/25,MED*FROEDTERT HEALTH I 800-803-8155 WI433034921,201.33,Medical Services
7/31/25,7/31/25,SALON MARIE LLC HALES CORNERSWI,35,Services
7/31/25,7/31/25,SP DRINK ZYN 8663765996 WIAPPLE PAY ENDING IN 7049,52.94,Supermarkets
7/31/25,7/31/25,SP POCO PIZZA 9209482878 WI,113.75,Supermarkets
8/2/25,8/2/25,5-365 FOOD SERVICE TROY MI,5.33,Restaurants
8/2/25,8/2/25,SALON MARIE LLC HALES CORNERSWI,32,Services
8/2/25,8/2/25,SQ *WHITNALL PARK BEER GREENDALE WI0002305843022590704997,18.4,Merchandise
8/2/25,8/2/25,SQ *WHITNALL PARK BEER GREENDALE WI0002305843022590045734,38.52,Merchandise
8/2/25,8/2/25,WALGREENS #3578 WAUWATOSA WI,8.21,Merchandise
8/2/25,8/2/25,WAUWATOSA SCHOOL OF MUSI WAUWATOSA WI,112,Merchandise
8/2/25,8/2/25,WHITNALL BEER GARDEN WAUWATOSA WI,17.7,Government Services
8/3/25,8/3/25,EXXONMOBIL WAUWATOSA WI,42.49,Gasoline
8/3/25,8/3/25,NB LIONS CLUB CORN ROAST MILWAUKEE WI,8,Restaurants
8/3/25,8/3/25,SENDIK'S WAUWATOSA WAUWATOSA WIAPPLE PAY ENDING IN 3896,67,Supermarkets
8/3/25,8/3/25,SQ *BENNO'S @ STATE FA WEST ALLIS WI0002305843022595607334,9.2,Travel/ Entertainment
8/3/25,8/3/25,SQ *EMMA'S TRAILER 2 WEST ALLIS WI0002305843022595738141,14.95,Restaurants
8/3/25,8/3/25,SQ *HUNDRED ACRE SHOREWOOD WI0002305843022593556005,15,Supermarkets
8/3/25,8/3/25,SQ *SAZS HOSPITALITY G WEST ALLIS WI0002305843022595645161,13,Restaurants
8/3/25,8/3/25,SQ *SAZS HOSPITALITY G WEST ALLIS WI0002305843022594747326,18.4,Restaurants
8/3/25,8/3/25,SQ *TREE-RIPE FRUIT CO OAK FOREST IL0002305843022593465593,24,Supermarkets
8/4/25,8/4/25,CENTRAL BARK-BROOKFIELD 262-781-5554 WI,42.04,Services
8/4/25,8/4/25,SENDIK'S WAUWATOSA WAUWATOSA WI,1,Supermarkets
8/4/25,8/4/25,SQ *VALENTINE COFFEE C MILWAUKEE WI0002305843022599237920,41.76,Restaurants
8/5/25,8/5/25,CENTRAL BARK-BROOKFIELD 262-781-5554 WI,10.51,Services
8/5/25,8/5/25,NOODLES AND COMPANY 2122600895 COAPPLE PAY ENDING IN 7049,15,Restaurants
8/5/25,8/5/25,THE HOME DEPOT #4923 WAUWATOSA WI,8.43,Home Improvement
8/5/25,8/5/25,TOPPERS PIZZA WAUWATOSA 4144667777 WI,18.34,Restaurants
8/6/25,8/6/25,CHICK-FIL-A #03252 2623730609 WI,29.07,Restaurants
8/6/25,8/6/25,LWV OF THE US 2024291965 DC,24.75,Services
8/6/25,8/6/25,LWV WISCONSIN 6082560827 WI,35.25,Services
8/6/25,8/6/25,LWV-MILWAUKEE COUNTY 4142738683 WI,15,Services
8/6/25,8/6/25,MED*FROEDTERT HEALTH I 800-803-8155 WI435878968,27.17,Medical Services
8/7/25,8/7/25,5-365 FOOD SERVICE TROY MI,4.18,Restaurants
8/7/25,8/7/25,HUMBLEBUNDLE.COM 5102444951 CA,21.5,Merchandise
8/8/25,8/8/25,5-365 FOOD SERVICE TROY MI,3.54,Restaurants
8/8/25,8/8/25,CULVERS 2122600895 WIAPPLE PAY ENDING IN 7049,31.14,Restaurants
8/9/25,8/9/25,GLOSS* TOSA WELLNESS & WAUWATOSA WI,440.91,Services
8/9/25,8/9/25,LEGACY GYM MKE 262-989-6696 WI,95,Travel/ Entertainment
8/9/25,8/9/25,PAYPAL *CHEWY INC 888-221-1161 CA,22.19,Merchandise
8/11/25,8/11/25,CENTRAL BARK-BROOKFIELD 262-781-5554 WI,42.04,Services
8/12/25,8/12/25,5-365 FOOD SERVICE TROY MI,5.52,Restaurants
8/12/25,8/12/25,CENTRAL BARK-BROOKFIELD 262-781-5554 WI,10.51,Services
8/12/25,8/12/25,MURF'S FROZEN CUSTARD & BROOKFIELD WI,14.17,Restaurants
8/12/25,8/12/25,NOODLES AND COMPANY BROOMFIELD CO,15.71,Restaurants
8/12/25,8/12/25,PANERA BREAD #606249 O 855-372-6372 WIAPPLE PAY ENDING IN 70496051715961624614,27.14,Restaurants
8/12/25,8/12/25,PAYPAL *LEAGUEWOMEN 888-221-1161 CA,15,Services
8/13/25,8/13/25,5-365 FOOD SERVICE TROY MI,4.75,Restaurants
8/13/25,8/13/25,CHIPOTLE MEX GR ONLINE 303-595-4000 CA,30.43,Restaurants
8/13/25,8/13/25,FIDDLEHEADS COFFEE ROAST WAUWATOSA WI,11.31,Restaurants
8/13/25,8/13/25,HULU 888-439-4858 CAHULU,4.32,Services
8/14/25,8/14/25,5-365 FOOD SERVICE TROY MI,2.8,Restaurants
8/14/25,8/14/25,CULVERS MANITOWOC MANITOWOC WI,31.62,Restaurants
8/14/25,8/14/25,FIDDLEHEADS COFFEE ROAST WAUWATOSA WI,45.01,Restaurants
8/14/25,8/14/25,MILTOWN EATS LLC 4144349799 WI,50,Supermarkets
8/15/25,8/15/25,CVS/PHARMACY #10419 STURGEON BAY WI,3.93,Merchandise
8/15/25,8/15/25,LEGACY GYM MKE 262-989-6696 WI,95,Travel/ Entertainment
8/15/25,8/15/25,SQ *THE VAULT DOOR COU ELLISON BAY WI0002305843022656113874,42.12,Supermarkets
8/18/25,8/19/25,CENTRAL BARK-BROOKFIELD 262-781-5554 WI,42.04,Services
8/18/25,8/19/25,GIRL SCOUTS OF THE USA 212-852-6587 NY,45,Services
8/18/25,8/19/25,GS WISCONSIN SOUTHEAST 800-565-4475 WI,25,Services
8/18/25,8/19/25,SP RENARDS CHEESE STURGEON BAY WI,27.97,Merchandise
8/18/25,8/19/25,SP RENARDS CHEESE STURGEON BAY WI,81.79,Merchandise
8/19/25,8/19/25,CENTRAL BARK-BROOKFIELD 262-781-5554 WI,10.51,Services
8/19/25,8/19/25,MICROSOFT#G108303493 MSBILL.INFO WA,13.24,Merchandise
8/20/25,8/20/25,5-365 FOOD SERVICE TROY MI,2.39,Restaurants
8/20/25,8/20/25,CHICK-FIL-A #03252 2623730609 WI,21.21,Restaurants
8/21/25,8/21/25,MILTOWN EATS LLC 4144349799 WI,50,Supermarkets
8/21/25,8/21/25,PAYPAL *VITACOSTCOM 888-221-1161 CA,68.78,Supermarkets
8/21/25,8/21/25,SENDIK'S WAUWATOSA WAUWATOSA WIAPPLE PAY ENDING IN 3896,48,Supermarkets
8/22/25,8/22/25,SALON MARIE LLC HALES CORNERSWI,165,Services
8/22/25,8/22/25,SPECTRUM 855-707-7328 MORC1527135275,89.99,Services
8/22/25,8/22/25,TST*JOY ICE CREAM SOCI WAUWATOSA WI00229365027372222689AA,14.48,Merchandise
8/23/25,8/23/25,CHIPOTLE 0558 BROOKFIELD WI,32.5,Restaurants
8/24/25,8/24/25,SENDIK'S WAUWATOSA WAUWATOSA WIAPPLE PAY ENDING IN 3896,28,Supermarkets
8/25/25,8/25/25,CENTRAL BARK-BROOKFIELD 262-781-5554 WI,42.04,Services
8/25/25,8/25/25,EXXONMOBIL WAUWATOSA WI,45.03,Gasoline
8/25/25,8/25/25,SP RAYS WINE AND SPIRI 4142589821 WIAPPLE PAY ENDING IN 7049,16.67,Merchandise
8/26/25,8/26/25,CENTRAL BARK-BROOKFIELD 262-781-5554 WI,10.51,Services
8/26/25,8/26/25,PANERA BREAD #606423 O 855-372-6372 WIAPPLE PAY ENDING IN 70496051715969208585,19.54,Restaurants
8/26/25,8/26/25,PAYMENT - THANK YOU,"-3,200",Payments and Credits
8/27/25,8/27/25,5-365 FOOD SERVICE TROY MI,2.19,Restaurants
8/27/25,8/27/25,CULVERS 2122600895 WIAPPLE PAY ENDING IN 7049,38.77,Restaurants
8/27/25,8/27/25,MURF'S FROZEN CUSTARD & BROOKFIELD WI,23.15,Restaurants
8/28/25,8/28/25,5-365 FOOD SERVICE TROY MI,2.69,Restaurants
8/28/25,8/28/25,LEGACY GYM MKE 262-989-6696 WI,250,Travel/ Entertainment
8/28/25,8/28/25,SP ETHIQUE USCAN 6292629069 DE,75.6,Merchandise
8/29/25,8/29/25,5-365 FOOD SERVICE TROY MI,4,Restaurants
8/29/25,8/29/25,NOODLES AND COMPANY 2122600895 COAPPLE PAY ENDING IN 7049,27.13,Restaurants
8/29/25,8/29/25,PX* GILLES FROZEN CUST 8889983286 MAAPPLE PAY ENDING IN 7049,52.49,Restaurants
8/29/25,8/29/25,SP NAKED NUTRITION 8774325068 FL,52.2,Supermarkets
8/30/25,8/30/25,SENDIK'S WAUWATOSA WAUWATOSA WIAPPLE PAY ENDING IN 3896,63,Supermarkets
8/30/25,8/30/25,SQ *H2O: HEALTH HYDRAT MILWAUKEE WI0002305843022768628831,149,Medical Services
8/31/25,8/31/25,SQ *COLECTIVO GOSQ.COM WIAPPLE PAY ENDING IN 70490002305843022777405369,22.95,Restaurants
9/1/25,9/1/25,CENTRAL BARK-BROOKFIELD 262-781-5554 WI,42.04,Services
9/2/25,9/2/25,CENTRAL BARK-BROOKFIELD 262-781-5554 WI,10.51,Services
9/2/25,9/2/25,SENDIK'S WAUWATOSA WAUWATOSA WIAPPLE PAY ENDING IN 3896,27,Supermarkets
9/2/25,9/2/25,WAUWATOSA SCHOOL OF MUSI WAUWATOSA WI,112,Merchandise
9/3/25,9/3/25,5-365 FOOD SERVICE TROY MI,2.67,Restaurants
9/3/25,9/3/25,LS BENTLEYS PET STUFF WAUWATOSA WI,72,Merchandise
9/3/25,9/3/25,RAISING CANES 0948 BROOKFIELD WI00351P,32.61,Restaurants
9/4/25,9/4/25,5-365 FOOD SERVICE TROY MI,2.63,Restaurants
9/4/25,9/4/25,MILTOWN EATS LLC 4144349799 WI,53,Supermarkets
9/4/25,9/4/25,SENDIK'S WAUWATOSA WAUWATOSA WIAPPLE PAY ENDING IN 3896,32,Supermarkets
9/5/25,9/5/25,CAFE ZUPAS-MENOMONEE MENOMONEE FALWI,36.51,Restaurants
9/5/25,9/5/25,SQ *COLECTIVO GOSQ.COM WIAPPLE PAY ENDING IN 70490002305843022809438329,28.83,Restaurants
9/5/25,9/5/25,TST*JOY ICE CREAM SOCI WAUWATOSA WI00229365027658620870AA,19.46,Merchandise
9/6/25,9/6/25,SENDIK'S WAUWATOSA WAUWATOSA WIAPPLE PAY ENDING IN 3896,27,Supermarkets
9/6/25,9/6/25,TST*MISS MOLLYS CAFE & 414-249-5665 WIAPPLE PAY ENDING IN 704900037390027671667879AA,44.49,Restaurants
9/7/25,9/7/25,LANDMARK RESORT RENTAL 920-868-3205 WI,298.77,Travel/ Entertainment
9/7/25,9/7/25,PAYPAL *KTQUALITYAC 888-221-1161 CA,40.09,Merchandise
9/7/25,9/7/25,SENDIK'S WAUWATOSA WAUWATOSA WIAPPLE PAY ENDING IN 3896,19,Supermarkets
9/7/25,9/7/25,SP NOURISH NATURAL P BAYSIDE WI,34.95,Merchandise
9/7/25,9/7/25,TST*MISS MOLLYS CAFE & MILWAUKEE WI00037390027700953114AA,55.1,Restaurants
9/8/25,9/8/25,365 MARKET J 888 432-329 TROY MI,2,Restaurants
9/8/25,9/8/25,CENTRAL BARK-BROOKFIELD 262-781-5554 WI,42.04,Services
9/9/25,9/9/25,CENTRAL BARK-BROOKFIELD 262-781-5554 WI,10.51,Services
9/9/25,9/9/25,LEGACY GYM MKE 262-989-6696 WI,95,Travel/ Entertainment
9/9/25,9/9/25,MAYFAIR FAMILY DENTISTRY WAUWATOSA WI,68.6,Medical Services
9/10/25,9/10/25,PAYPAL *WACOALDIREC 888-221-1161 CA,112.68,Merchandise
9/10/25,9/10/25,SALON MARIE LLC HALES CORNERSWI,34,Services
9/10/25,9/10/25,SP PURE CHOICE FARMS 6085588699 WIAPPLE PAY ENDING IN 6966,39,Supermarkets
9/11/25,9/11/25,MILTOWN EATS LLC 4144349799 WI,50,Supermarkets
9/12/25,9/12/25,PX* GILLES FROZEN CUST 8889983286 MA,45.8,Restaurants
9/12/25,9/12/25,QUALITY HEATING & SHEET BROOKFIELD WI,343.12,Services
9/13/25,9/13/25,492028TOPPIZTOSA 4142574002 WI,29.3,Restaurants
9/13/25,9/13/25,5-365 FOOD SERVICE TROY MI,3.91,Restaurants
9/13/25,9/13/25,HULU 888-439-4858 CAHULU,4.32,Services
9/13/25,9/13/25,"LOWE'S OF WAUWATOSA, WI WAUWATOSA WI",27.51,Home Improvement
9/13/25,9/13/25,SP DRINK ZYN 8663765996 WI,44.99,Supermarkets
9/13/25,9/13/25,SQ *HAPPY BUDDHA BOUTI WAUWATOSA WI0002305843022879132212,151.14,Supermarkets
9/15/25,9/15/25,CENTRAL BARK-BROOKFIELD 262-781-5554 WI,42.04,Services
9/15/25,9/15/25,LEGACY GYM MKE 262-989-6696 WI,95,Travel/ Entertainment
9/15/25,9/15/25,TARGET 00025866091 MILWAUKEE WI,2.92,Supermarkets
9/16/25,9/16/25,365 MARKET J 888 432-329 TROY MI,2,Restaurants
9/16/25,9/16/25,5-365 FOOD SERVICE TROY MI,4.9,Restaurants
9/16/25,9/16/25,CENTRAL BARK-BROOKFIELD 262-781-5554 WI,10.51,Services
9/16/25,9/16/25,WI DEPT OF REVENUE ECO 608-266-2772 WIAPPLE PAY ENDING IN 6966,11.25,Government Services
9/17/25,9/17/25,5-365 FOOD SERVICE TROY MI,2.47,Restaurants
9/17/25,9/17/25,QDOBA 2856 OLO 414-755-8001 WIAPPLE PAY ENDING IN 70498151418572455941,25.26,Restaurants
9/17/25,9/19/25,EXXONMOBIL WAUWATOSA WI,45.71,Gasoline
9/18/25,9/19/25,MILTOWN EATS LLC 4144349799 WI,50,Supermarkets
9/18/25,9/19/25,SENDIK'S WAUWATOSA WAUWATOSA WIAPPLE PAY ENDING IN 3896,25,Supermarkets
9/19/25,9/19/25,5-365 FOOD SERVICE TROY MI,5.61,Restaurants
9/19/25,9/19/25,CHEESECAKE 085 ONLINE 818-871-3000 WI,55.9,Restaurants
9/19/25,9/19/25,DINING TROY MI,3.51,Restaurants
9/19/25,9/19/25,MICROSOFT-G114231793 REDMOND WA,13.24,Merchandise
9/19/25,9/19/25,SPOT PET 8009051595 WA,412.08,Services
9/20/25,9/20/25,BOSWELL BOOK COMPANY 414-332-1181 WI,22.62,Merchandise
9/20/25,9/20/25,GLOSS* TOSA WELLNESS & WAUWATOSA WI,268.14,Services
9/20/25,9/20/25,METCALFE'S MARKET WAUWATOSA WI,67,Supermarkets
9/20/25,9/20/25,SQ *HAPPY BUDDHA BOUTI WAUWATOSA WI0002305843022927519284,38.05,Supermarkets
9/21/25,9/21/25,SPIRIT HALLOWEEN 61114 609-703-8292 UT02184P,108.12,Merchandise
9/22/25,9/22/25,CENTRAL BARK-BROOKFIELD 262-781-5554 WI,42.04,Services
9/22/25,9/22/25,NOODLES AND COMPANY BROOMFIELD CO,31.96,Restaurants
9/22/25,9/22/25,PAYMENT - THANK YOU,"-4,000",Payments and Credits
9/22/25,9/22/25,QUALITY HEATING & SHEET BROOKFIELD WI,45.54,Services
9/22/25,9/22/25,SPECTRUM 855-707-7328 MORC1230392922,89.99,Services
9/23/25,9/23/25,365 MARKET J 888 432-329 TROY MI,2,Restaurants
9/23/25,9/23/25,5-365 FOOD SERVICE TROY MI,2.63,Restaurants
9/23/25,9/23/25,CENTRAL BARK-BROOKFIELD 262-781-5554 WI,10.51,Services
9/24/25,9/24/25,5-365 FOOD SERVICE TROY MI,4.44,Restaurants
9/25/25,9/25/25,365 MARKET K 888 432-329 TROY MI,1.9,Restaurants
9/25/25,9/25/25,5-365 FOOD SERVICE TROY MI,5.13,Restaurants
9/25/25,9/25/25,MCKINLEY ELEM PTO 4144433570 WIAPPLE PAY ENDING IN 6966,11.38,Services
9/25/25,9/25/25,MCKINLEY ELEM PTO 4144433570 WIAPPLE PAY ENDING IN 6966,35,Services
9/26/25,9/26/25,5-365 FOOD SERVICE TROY MI,4,Restaurants
9/26/25,9/26/25,VIP PHOTO - VIPIS.COM 262-375-4457 WI,41.25,Services
9/27/25,9/27/25,5-365 FOOD SERVICE TROY MI,5.45,Restaurants
9/27/25,9/27/25,BOSWELL BOOK COMPANY MILWAUKEE WI,42.05,Merchandise
9/27/25,9/27/25,MENARDS MILWAUKEE WI MILWAUKEE WI,26.98,Home Improvement
9/27/25,9/27/25,PX* GILLES FROZEN CUST 8889983286 MAAPPLE PAY ENDING IN 7049,44.64,Restaurants
9/27/25,9/27/25,SOMMER'S INC. MEQUON WI6121332,154.28,Automotive
9/28/25,9/28/25,ETIX RETAIL MORRISVILLE NC,10,Travel/ Entertainment
9/28/25,9/28/25,SQ *BADGER BITES WEST ALLIS WI0002305843022995774681,13.42,Restaurants
9/28/25,9/28/25,SQ *BENNO'S @ STATE FA WEST ALLIS WI0002305843022994977332,26.45,Travel/ Entertainment
9/29/25,9/29/25,365 MARKET K 888 432-329 TROY MI,1.79,Restaurants
9/29/25,9/29/25,CENTRAL BARK-BROOKFIELD 262-781-5554 WI,42.04,Services
9/30/25,9/30/25,365 MARKET J 888 432-329 TROY MI,2,Restaurants
9/30/25,9/30/25,5-365 FOOD SERVICE TROY MI,2.59,Restaurants
9/30/25,9/30/25,CENTRAL BARK-BROOKFIELD 262-781-5554 WI,10.51,Services
9/30/25,9/30/25,PANERA BREAD #606423 O 855-372-6372 WIAPPLE PAY ENDING IN 70496051715988953387,34.01,Restaurants
9/30/25,9/30/25,SENDIK'S WAUWATOSA WAUWATOSA WIAPPLE PAY ENDING IN 3896,10,Supermarkets
10/1/25,10/1/25,5-365 FOOD SERVICE TROY MI,2.99,Restaurants
10/1/25,10/1/25,COSMOS CAFE WAUWATOSA WI,15.76,Restaurants
10/2/25,10/2/25,365 MARKET J 888 432-329 TROY MI,2,Restaurants
10/2/25,10/2/25,5-365 FOOD SERVICE TROY MI,2.75,Restaurants
10/2/25,10/2/25,HEIRLOOM MKE MILWAUKEE WI,28.41,Supermarkets
10/2/25,10/2/25,KWIK TRIP #1281 BELGIUM WIAPPLE PAY ENDING IN 3896,2.48,Gasoline
10/2/25,10/2/25,MILTOWN EATS LLC 4144349799 WI,50,Supermarkets
10/2/25,10/2/25,NORTHERN SKY THEATER EPHRAIM WI,89.4,Services
10/2/25,10/2/25,UWGB UNION PHOENIX STORE GREEN BAY WI,51.67,Education
10/2/25,10/2/25,WAUWATOSA SCHOOL OF MUSI WAUWATOSA WI,112,Merchandise
10/3/25,10/3/25,492028TOPPIZTOSA 4142574002 WI,27.51,Restaurants
10/3/25,10/3/25,5-365 FOOD SERVICE TROY MI,2.93,Restaurants
10/3/25,10/3/25,LANDMARK RESORT RENTAL 920-868-3205 WI,298.76,Travel/ Entertainment
10/4/25,10/4/25,5-365 FOOD SERVICE TROY MI,4,Restaurants
10/5/25,10/5/25,FIDDLEHEADS COFFEE ROAST WAUWATOSA WI,6.27,Restaurants
10/5/25,10/5/25,SENDIK'S WAUWATOSA WAUWATOSA WIAPPLE PAY ENDING IN 3896,27,Supermarkets
10/6/25,10/6/25,CENTRAL BARK-BROOKFIELD 262-781-5554 WI,42.04,Services
10/6/25,10/6/25,TST* CAFE HOLLANDER TOSA MILWAUKEE WIAPPLE PAY ENDING IN 7049,48.46,Restaurants
10/7/25,10/7/25,365 MARKET J 888 432-329 TROY MI,2,Restaurants
10/7/25,10/7/25,5-365 FOOD SERVICE TROY MI,2.49,Restaurants
10/7/25,10/7/25,CENTRAL BARK-BROOKFIELD 262-781-5554 WI,10.51,Services
10/7/25,10/7/25,CHICK-FIL-A #03252 BROOKFIELD WI,20.79,Restaurants
10/7/25,10/7/25,CULVERS BROOKFIELD 2 BROOKFIELD WI,3.98,Restaurants
10/7/25,10/7/25,SCHUSTER FAMILY EYECARE MENOMONEE FLSWI,45,Medical Services
10/7/25,10/7/25,SQ *COLECTIVO GOSQ.COM WIAPPLE PAY ENDING IN 70490001152921516099083084,9.29,Restaurants
10/8/25,10/8/25,5-365 FOOD SERVICE TROY MI,3.09,Restaurants
10/8/25,10/8/25,NOODLES AND COMPANY 2122600895 COAPPLE PAY ENDING IN 7049,32.19,Restaurants
10/9/25,10/9/25,365 MARKET K 888 432-329 TROY MI,0.86,Restaurants
10/9/25,10/9/25,5-365 FOOD SERVICE TROY MI,3.09,Restaurants
10/9/25,10/9/25,LEGACY GYM MKE 262-989-6696 WI,95,Travel/ Entertainment
10/9/25,10/9/25,SENDIK'S WAUWATOSA WAUWATOSA WI,27,Supermarkets
10/10/25,10/10/25,5-365 FOOD SERVICE TROY MI,5.11,Restaurants
10/11/25,10/11/25,5-365 FOOD SERVICE TROY MI,5.33,Restaurants
10/11/25,10/11/25,PICK N SAVE #867 BROWN DEER WIAPPLE PAY ENDING IN 3896,6.79,Supermarkets
10/11/25,10/11/25,RUCKUS & GLEE 4143953201 WI,63.52,Merchandise
10/12/25,10/12/25,CHIPOTLE MEX GR ONLINE 303-595-4000 CA,35.7,Restaurants
10/12/25,10/12/25,FIDDLEHEADS COFFEE ROAST WAUWATOSA WI,9.53,Restaurants
10/12/25,10/12/25,SP NOURISH NATURAL P 4142310955 WIAPPLE PAY ENDING IN 6966,43.09,Merchandise
10/13/25,10/13/25,CENTRAL BARK-BROOKFIELD 262-781-5554 WI,42.04,Services
10/13/25,10/13/25,DINING TROY MI,2.46,Restaurants
10/13/25,10/13/25,DINING TROY MI,3,Restaurants
10/13/25,10/13/25,HULU 888-439-4858 CAHULU,4.32,Services
10/13/25,10/13/25,SQSP* DOMAIN#205145676 6465803456 NY,20,Services
10/14/25,10/14/25,CENTRAL BARK-BROOKFIELD 262-781-5554 WI,10.51,Services
10/14/25,10/14/25,NOODLES AND COMPANY BROOMFIELD CO,38.49,Restaurants
10/14/25,10/15/25,RUCKUS & GLEE 4143953201 WI,-5.3,Payments and Credits
10/15/25,10/15/25,365 MARKET J 888 432-329 TROY MI,2,Restaurants
10/15/25,10/15/25,365 MARKET K 888 432-329 TROY MI,1,Restaurants
10/15/25,10/15/25,5-365 FOOD SERVICE TROY MI,2.47,Restaurants
10/15/25,10/15/25,5-365 FOOD SERVICE TROY MI,4.01,Restaurants
10/15/25,10/15/25,CHICK-FIL-A #03252 2623730609 WI,33.69,Restaurants
10/15/25,10/15/25,CREAM CITY MUSIC BROOKFIELD WI,40.95,Merchandise
10/15/25,10/15/25,LEGACY GYM MKE 262-989-6696 WI,95,Travel/ Entertainment
10/15/25,10/15/25,SALON MARIE LLC HALES CORNERSWI,34,Services
10/16/25,10/16/25,5-365 FOOD SERVICE TROY MI,0.5,Restaurants
10/16/25,10/16/25,AMTRAK F&B SPINE PHILADELPHIA PA,21,Restaurants
10/16/25,10/16/25,CENTRAL BARK-BROOKFIELD 262-781-5554 WI,239.64,Services
10/16/25,10/16/25,PANERA BREAD #601564 O 262-641-0550 WIAPPLE PAY ENDING IN 70496051715997875593,10.9,Restaurants
10/16/25,10/16/25,SBARRO 5291 CHICAGO IL,22.65,Restaurants
10/16/25,10/16/25,SQ *STONE CREEK COFFEE MILWAUKEE WI0002305843023102249617,21.82,Restaurants
10/17/25,10/19/25,BASECAMP BOULDER BOULDER CO,555.1,Travel/ Entertainment
10/17/25,10/19/25,COORS AND COMPANY GOLDEN CO,102.67,Merchandise
10/17/25,10/19/25,HOTEL BOULDERADO F AND B BOULDER CO,98.1,Restaurants
10/17/25,10/19/25,MILE HIGH COMICS - JASON DENVER CO,16.89,Merchandise
10/17/25,10/19/25,PMUSA 951095 BOULDER ATLANTA GA,3.45,Services
10/17/25,10/19/25,TABLE MOUNTAIN GRILL AND GOLDEN CO,62.52,Restaurants
10/17/25,10/19/25,TATTERED COVERS-B&N #380 DENVER CO,21.29,Merchandise
10/18/25,10/19/25,ATOMICPROVISIONS 2122600895 CO,12.57,Restaurants
10/18/25,10/19/25,ATOMICPROVISIONS 2122600895 CO,22.63,Restaurants
10/18/25,10/19/25,COLORADO SCHOOL OF MIN 303-273-3158 COAPPLE PAY ENDING IN 70491360725517,10.25,Education
10/18/25,10/19/25,LS BOCO LIFE LLC BOULDER CO,44.56,Merchandise
10/18/25,10/19/25,SP PURE CHOICE FARMS 6085588699 WIAPPLE PAY ENDING IN 7049,49,Supermarkets
10/18/25,10/19/25,SQ *GELATO BOY BOULDER CO0001152921516158690683,18.9,Supermarkets
10/18/25,10/19/25,SQ *VERB FARMER'S MARK BOULDER CO0001152921516154396084,5.36,Restaurants
10/18/25,10/19/25,TST*FOOLISH CRAIGS CAF BOULDER CO00012048028413815853AA,65.66,Restaurants
10/18/25,10/19/25,TST*WEST END TAVERN BOULDER CO00032646028427108807AA,79.96,Restaurants
10/19/25,10/19/25,CHIPOTLE MEX GR ONLINE 303-595-4000 CA,35.6,Restaurants
10/19/25,10/19/25,ENTERPRISE RENT-A-CAR 303-2938644 CO,297.24,Travel/ Entertainment
10/19/25,10/19/25,LONG PEAK #93 SAINT PAUL MN,7.83,Merchandise
10/19/25,10/19/25,MICROSOFT-G119670735 REDMOND WA,13.24,Merchandise
10/19/25,10/19/25,SENDIK'S WAUWATOSA WAUWATOSA WIAPPLE PAY ENDING IN 3896,49,Supermarkets
10/19/25,10/19/25,TST*LE FRENCH CAFE BOULDER CO00009643028438506005AA,70.67,Restaurants
10/20/25,10/20/25,365 MARKET J 888 432-329 TROY MI,2,Restaurants
10/20/25,10/20/25,CENTRAL BARK-BROOKFIELD 262-781-5554 WI,10.51,Services
10/20/25,10/20/25,CENTRAL BARK-BROOKFIELD 262-781-5554 WI,42.04,Services
10/21/25,10/21/25,5-365 FOOD SERVICE TROY MI,3.13,Restaurants
10/21/25,10/21/25,CENTRAL BARK-BROOKFIELD 262-781-5554 WI,42.04,Services
10/21/25,10/21/25,SENDIK'S WAUWATOSA WAUWATOSA WI,12,Supermarkets
10/21/25,10/21/25,SQ *VLIET MILWAUKEE WI0001152921516174014000,14.4,Restaurants
10/22/25,10/22/25,365 MARKET J 888 432-329 TROY MI,1.34,Restaurants
10/22/25,10/22/25,NOODLES AND COMPANY 2122600895 COAPPLE PAY ENDING IN 7049,36.18,Restaurants
10/22/25,10/22/25,SPECTRUM 855-707-7328 MORC1611002425,105,Services
10/22/25,10/22/25,SQ *BLACK TWIG BAKERY WAUWATOSA WI0002305843023146594465,13.47,Merchandise
10/22/25,10/22/25,TST*JOY ICE CREAM SOCI WAUWATOSA WIAPPLE PAY ENDING IN 389600229365028486188964AA,20.25,Merchandise
10/22/25,10/22/25,WEIGHLESS MD BROOKFIELD WI,499,Medical Services
10/24/25,10/24/25,AAA INSURANCE GW EFT 800-222-6424 MI,654.94,Services
10/24/25,10/24/25,DINING TROY MI,3.6,Restaurants
10/24/25,10/24/25,PAYMENT - THANK YOU,"-5,000",Payments and Credits
10/24/25,10/24/25,PX* GILLES FROZEN CUST 8889983286 MAAPPLE PAY ENDING IN 7049,40.89,Restaurants
10/24/25,10/24/25,SQ *COLECTIVO GOSQ.COM WIAPPLE PAY ENDING IN 70490002305843023155691185,24.16,Restaurants
10/25/25,10/25/25,ATHLETA.COM 800-427-7895 CAT2YLRTYBMDYXUMKJTDJQV,13.46,Merchandise
10/25/25,10/25/25,OUTPOST NATURAL FOODS CO WAUWATOSA WI,195.37,Supermarkets
10/25/25,10/25/25,PANERA BREAD #606423 O 855-372-6372 WIAPPLE PAY ENDING IN 70496051716002954375,9.56,Restaurants
10/25/25,10/25/25,UA.COM*888-727-6687 MD 888-427-6687 MD,12.64,Merchandise
10/26/25,10/26/25,TST*MIDTOWN GRILL 414-837-6400 WIAPPLE PAY ENDING IN 704900039277028531637013AA,58.72,Restaurants
10/27/25,10/27/25,365 MARKET J 888 432-329 TROY MI,2,Restaurants
10/27/25,10/27/25,365 MARKET K 888 432-329 TROY MI,0.86,Restaurants
10/27/25,10/27/25,CENTRAL BARK-BROOKFIELD 262-781-5554 WI,42.04,Services
10/27/25,10/27/25,METCALFE'S MARKET WAUWATOSA WIAPPLE PAY ENDING IN 3896,62,Supermarkets
10/28/25,10/28/25,365 MARKET K 888 432-329 TROY MI,1,Restaurants
10/28/25,10/28/25,5-365 FOOD SERVICE TROY MI,2.59,Restaurants
10/28/25,10/28/25,CENTRAL BARK-BROOKFIELD 262-781-5554 WI,10.51,Services
10/29/25,10/29/25,AAA ACG NE0069 EFT RCC 800-222-1134 MI,111,Services
10/29/25,10/29/25,TST* CAFE HOLLANDER TOSA MILWAUKEE WI,31.69,Restaurants
10/30/25,10/30/25,SENDIK'S WAUWATOSA WAUWATOSA WIAPPLE PAY ENDING IN 3896,37,Supermarkets
10/31/25,10/31/25,5-365 FOOD SERVICE TROY MI,5.79,Restaurants
11/1/25,11/1/25,5-365 FOOD SERVICE TROY MI,3.02,Restaurants
11/1/25,11/1/25,ELEKTRA LIGHTS & FANS WAUWATOSA WI,400,Home Improvement
11/1/25,11/1/25,FIDDLEHEADS COFFEE ROAST WAUWATOSA WI,35.49,Restaurants
11/2/25,11/2/25,AVEDA MAYFAIR WAUWATOSA WI,68.83,Merchandise
11/2/25,11/2/25,METCALFE'S MARKET WAUWATOSA WIAPPLE PAY ENDING IN 3896,37,Supermarkets
11/2/25,11/2/25,PAYPAL *CHEWY INC 888-221-1161 CA,29.83,Merchandise
11/2/25,11/2/25,PAYPAL *CHEWY INC 888-221-1161 CA,156.49,Merchandise
11/2/25,11/2/25,WAUWATOSA SCHOOL OF MUSI WAUWATOSA WI,112,Merchandise
11/3/25,11/3/25,365 MARKET J 888 432-329 TROY MI,2,Restaurants
11/3/25,11/3/25,365 MARKET K 888 432-329 TROY MI,0.86,Restaurants
11/3/25,11/3/25,CENTRAL BARK-BROOKFIELD 262-781-5554 WI,42.04,Services
11/3/25,11/3/25,WAUWATOSA LACROSSE 8883791035 WI,215,Services
11/4/25,11/4/25,5-365 FOOD SERVICE TROY MI,2.59,Restaurants
11/4/25,11/4/25,CENTRAL BARK-BROOKFIELD 262-781-5554 WI,70.94,Services
11/4/25,11/4/25,"US LACROSSE, INC 410-235-6882 MD",35,Services
11/5/25,11/5/25,365 MARKET K 888 432-329 TROY MI,0.86,Restaurants
11/5/25,11/5/25,5-365 FOOD SERVICE TROY MI,2.91,Restaurants
11/5/25,11/5/25,KETTLE RANGE MEATS MILWAUKEE WI,38.09,Merchandise
11/6/25,11/6/25,365 MARKET K 888 432-329 TROY MI,0.86,Restaurants
11/6/25,11/6/25,5-365 FOOD SERVICE TROY MI,4.5,Restaurants
11/6/25,11/6/25,MED*FROEDTERT HEALTH I 800-803-8155 WI479490984,9.04,Medical Services
11/7/25,11/7/25,5-365 FOOD SERVICE TROY MI,0.9,Restaurants
11/7/25,11/7/25,5-365 FOOD SERVICE TROY MI,1.9,Restaurants
11/7/25,11/7/25,5-365 FOOD SERVICE TROY MI,4.52,Restaurants
11/7/25,11/7/25,SQ *HAPPY BUDDHA BOUTI WAUWATOSA WI0001152921516232028215,152.21,Supermarkets
11/7/25,11/7/25,TST*YO MAMA - WAUWATOS WAUWATOSA WI00042815028751923716AA,11.86,Restaurants
11/8/25,11/8/25,5-365 FOOD SERVICE TROY MI,4.07,Restaurants
11/8/25,11/8/25,FIVE BELOW 746 MENOMONEE FALWI,4.2,Merchandise
11/8/25,11/8/25,METCALFE'S MARKET WAUWATOSA WI,116.44,Supermarkets
11/8/25,11/8/25,RAISING CANES 0948 BROOKFIELD WI00891P,22.55,Restaurants
11/8/25,11/8/25,RF *CROSSWAYS CAMPIN 920-882-0023 WI,180,Services
11/8/25,11/8/25,ROSS STORES #1911 MENOMONEE FALWI,17.84,Merchandise
11/9/25,11/9/25,LEGACY GYM MKE 262-989-6696 WI,95,Travel/ Entertainment
11/9/25,11/9/25,SENDIK'S WAUWATOSA WAUWATOSA WI,6,Supermarkets
11/9/25,11/9/25,SENDIK'S WAUWATOSA WAUWATOSA WIAPPLE PAY ENDING IN 3896,20.96,Supermarkets
11/10/25,11/10/25,CENTRAL BARK-BROOKFIELD 262-781-5554 WI,42.04,Services
11/10/25,11/10/25,NOODLES AND COMPANY BROOMFIELD CO,31.5,Restaurants
11/11/25,11/11/25,365 MARKET J 888 432-329 TROY MI,2,Restaurants
11/11/25,11/11/25,365 MARKET K 888 432-329 TROY MI,0.86,Restaurants
11/11/25,11/11/25,5-365 FOOD SERVICE TROY MI,5.37,Restaurants
11/11/25,11/11/25,CENTRAL BARK-BROOKFIELD 262-781-5554 WI,10.51,Services
11/11/25,11/11/25,ELEKTRA LIGHTS & FANS WAUWATOSA WI,421.92,Home Improvement
11/12/25,11/12/25,5-365 FOOD SERVICE TROY MI,2.59,Restaurants
11/12/25,11/12/25,TOSA DENTAL LLC WAUWATOSA WI,128,Medical Services
11/13/25,11/13/25,HULU 888-439-4858 CAHULU,1.08,Services
11/13/25,11/13/25,PANERA BREAD #601564 O 262-641-0550 WIAPPLE PAY ENDING IN 70496051716014062541,18.88,Restaurants
11/14/25,11/14/25,5-365 FOOD SERVICE TROY MI,5.82,Restaurants
11/14/25,11/14/25,DINING FURNITURE SHOWCAS WEST ALLIS WI,750,Merchandise
11/14/25,11/14/25,EVERVET WAUWATOSA WI,63,Services
11/14/25,11/14/25,LS BENTLEYS PET STUFF WAUWATOSA WI,24.34,Merchandise
11/15/25,11/15/25,5-365 FOOD SERVICE TROY MI,5.05,Restaurants
11/15/25,11/15/25,FIDDLEHEADS COFFEE ROAST WAUWATOSA WI,28.45,Restaurants
11/15/25,11/15/25,LEGACY GYM MKE 262-989-6696 WI,95,Travel/ Entertainment
11/15/25,11/15/25,METCALFE'S MARKET WAUWATOSA WIAPPLE PAY ENDING IN 3896,45.97,Supermarkets
11/15/25,11/15/25,SENDIK'S WAUWATOSA WAUWATOSA WI,21,Supermarkets
11/15/25,11/15/25,SP NOURISH NATURAL P BAYSIDE WI,60.37,Merchandise
11/16/25,11/16/25,HOMETOWN TICKETS 9202519696 WI,25.47,Travel/ Entertainment
11/16/25,11/16/25,TIMES CINEMA MILWAUKEE WI,21,Travel/ Entertainment
11/17/25,11/17/25,BOMBAS LLC 800-314-0980 NYAPPLE PAY ENDING IN 6966,95.32,Merchandise
11/17/25,11/17/25,CENTRAL BARK-BROOKFIELD 262-781-5554 WI,42.04,Services
11/17/25,11/19/25,365 MARKET K 888 432-329 TROY MI,0.86,Restaurants
11/18/25,11/19/25,365 MARKET 888 432-3299 TROY MIAPPLE PAY ENDING IN 3896,3.23,Restaurants
11/18/25,11/19/25,365 MARKET K 888 432-329 TROY MI,1.99,Restaurants
11/18/25,11/19/25,5-365 FOOD SERVICE TROY MI,5,Restaurants
11/18/25,11/19/25,CENTRAL BARK-BROOKFIELD 262-781-5554 WI,10.51,Services
11/18/25,11/19/25,MCDONALD'S F1935 WAUWATOSA WI,18.4,Restaurants
11/18/25,11/19/25,MICROSOFT#G125016866 MSBILL.INFO WA,13.91,Merchandise
11/18/25,11/19/25,SENDIK'S WAUWATOSA WAUWATOSA WI,11,Supermarkets
11/19/25,11/19/25,5-365 FOOD SERVICE TROY MI,4,Restaurants
11/19/25,11/19/25,SALON MARIE LLC HALES CORNERSWI,34,Services
11/19/25,11/19/25,SQSP* WEBSIT#209993536 6465803456 NY,153.6,Services
11/20/25,11/20/25,365 MARKET J 888 432-329 TROY MI,2,Restaurants
11/20/25,11/20/25,5-365 FOOD SERVICE TROY MI,4.01,Restaurants
11/20/25,11/20/25,5-365 FOOD SERVICE TROY MI,4.39,Restaurants
11/20/25,11/20/25,DISNEYPLUS 888-905-7888 CADISNEYPLUS,201.2,Services
11/20/25,11/20/25,QDOBA 2856 OLO 414-755-8001 WIAPPLE PAY ENDING IN 70499634926338670598,22.18,Restaurants
11/20/25,11/20/25,SP POCO PIZZA 9209482878 WI,124.25,Supermarkets
11/20/25,11/20/25,WWW.MISSMOLLYSCAFE.COM 4142495665 WIAPPLE PAY ENDING IN 7049,33.6,Restaurants
11/21/25,11/21/25,5-365 FOOD SERVICE TROY MI,4.19,Restaurants
11/21/25,11/21/25,DINING TROY MI,3.17,Restaurants
11/21/25,11/21/25,TOUCAN PORT WASHINGTWI,7.07,Restaurants
11/21/25,11/21/25,TOUCAN PORT WASHINGTWI,35,Restaurants
11/22/25,11/22/25,GLOSS* TOSA WELLNESS & WAUWATOSA WI,260.82,Services
11/22/25,11/22/25,NOODLES AND COMPANY 2122600895 COAPPLE PAY ENDING IN 7049,26.71,Restaurants
11/22/25,11/22/25,SPECTRUM 855-707-7328 MORC1334108768,105,Services
11/22/25,11/22/25,SQ *COLECTIVO GOSQ.COM WIAPPLE PAY ENDING IN 70490002305843023332741141,44.06,Restaurants
11/23/25,11/23/25,FIDDLEHEADS COFFEE ROAST WAUWATOSA WI,8.19,Restaurants
11/23/25,11/23/25,GSWISE 800-5654475 WI,50,Services
11/23/25,11/23/25,RAY'S WINE AND SPIRITS WAUWATOSA WIAPPLE PAY ENDING IN 3896,33.25,Merchandise
11/23/25,11/23/25,SENDIK'S WAUWATOSA WAUWATOSA WIAPPLE PAY ENDING IN 3896,91.08,Supermarkets
11/23/25,11/23/25,SP ETHIQUE USCAN 6292629069 DE,30.35,Merchandise
11/23/25,11/23/25,SP THIRDLOVE 8662056833 CA,59.29,Merchandise
11/23/25,11/23/25,SP TRILLIUMHERBALCO 9203330111 WI,54.78,Merchandise
11/23/25,11/23/25,SP TRUE GRACE HEALTH 2164064208 WI,61.91,Supermarkets
11/24/25,11/24/25,365 MARKET J 888 432-329 TROY MI,1.25,Restaurants
11/24/25,11/24/25,365 MARKET K 888 432-329 TROY MI,2.19,Restaurants
11/24/25,11/24/25,CENTRAL BARK-BROOKFIELD 262-781-5554 WI,42.04,Services
11/25/25,11/25/25,5-365 FOOD SERVICE TROY MI,4.78,Restaurants
11/25/25,11/25/25,CENTRAL BARK-BROOKFIELD 262-781-5554 WI,10.51,Services
11/25/25,11/25/25,LEGACY GYM MKE 262-989-6696 WI,15,Travel/ Entertainment
11/25/25,11/25/25,THE HOME DEPOT #4923 WAUWATOSA WI,20.1,Home Improvement
11/26/25,11/26/25,5-365 FOOD SERVICE TROY MI,4,Restaurants
11/26/25,11/26/25,REI #60 BROOKFIELD BROOKFIELD WIAPPLE PAY ENDING IN 389602609P,49.81,Merchandise
11/26/25,11/26/25,TST*MISS MOLLYS CAFE & 414-249-5665 WIAPPLE PAY ENDING IN 704900037390029061197247AA,10.44,Restaurants
11/27/25,11/27/25,5-365 FOOD SERVICE TROY MI,4.52,Restaurants
11/27/25,11/27/25,FIDDLEHEADS COFFEE ROAST WAUWATOSA WI,18.03,Restaurants
11/28/25,11/28/25,BOSWELL BOOK COMPANY MILWAUKEE WI,123.08,Merchandise
11/28/25,11/28/25,CHICK-FIL-A #03252 2623730609 WI,29.07,Restaurants
11/28/25,11/28/25,LS BENTLEYS PET STUFF WAUWATOSA WI,79.68,Merchandise
11/28/25,11/28/25,LS RUCKUS & GLEE WAUWATOSA WI,185.06,Merchandise
11/28/25,11/28/25,MARQUETTEUNIVATHLETICS 414-288-7127 WIMICC765B00-2E83A,75,Travel/ Entertainment
11/28/25,11/28/25,METCALFE'S MARKET WAUWATOSA WIAPPLE PAY ENDING IN 3896,37.12,Supermarkets
11/28/25,11/28/25,SQ *COLECTIVO GOSQ.COM WIAPPLE PAY ENDING IN 70490002305843023365947540,39.06,Restaurants
11/28/25,11/28/25,WALGREENS #10196 WAUWATOSA WI,60.66,Merchandise
11/29/25,11/29/25,APPLE *8038CAMPUSBOOK 800-365-5388 ILAPPLE PAY ENDING IN 6966,23.5,Merchandise
11/30/25,11/30/25,MICHAELS #9490 800-642-4235 TXAPPLE PAY ENDING IN 69669000110986380025,25.58,Merchandise
11/30/25,11/30/25,SERIOUS SANJI ONLINE 414-226-6055 WIAPPLE PAY ENDING IN 7049,65.72,Restaurants
12/1/25,12/1/25,CENTRAL BARK-BROOKFIELD 262-781-5554 WI,42.04,Services
12/1/25,12/1/25,PAYMENT - THANK YOU,"-6,300",Payments and Credits
12/1/25,12/1/25,RF *CROSSWAYS CAMPIN 920-882-0023 WI,50,Services
12/1/25,12/1/25,SENDIK'S WAUWATOSA WAUWATOSA WIAPPLE PAY ENDING IN 3896,33.97,Supermarkets
12/2/25,12/2/25,365 MARKET J 888 432-329 TROY MI,2,Restaurants
12/2/25,12/2/25,365 MARKET J 888 432-329 TROY MI,3,Restaurants
12/2/25,12/2/25,365 MARKET K 888 432-329 TROY MI,0.86,Restaurants
12/2/25,12/2/25,5-365 FOOD SERVICE TROY MI,5.39,Restaurants
12/2/25,12/2/25,CENTRAL BARK-BROOKFIELD 262-781-5554 WI,10.51,Services
12/2/25,12/2/25,PAYPAL *PEACOCKTVLL A9D 888-221-1161 CA,116.48,Services
12/2/25,12/2/25,WACOAL DIRECT CORP 800-922-6250 NJ,82.6,Merchandise
12/2/25,12/2/25,WAUWATOSA SCHOOL OF MUSI WAUWATOSA WI,112,Merchandise
12/2/25,12/2/25,WENDY'S #025 WAUWATOSA WI,24.31,Restaurants
12/3/25,12/3/25,ELEKTRA LIGHTS & FANS WAUWATOSA WI,218.99,Home Improvement
12/3/25,12/3/25,NOODLES AND COMPANY 2122600895 CO,24.68,Restaurants
12/4/25,12/4/25,365 MARKET J 888 432-329 TROY MI,1.25,Restaurants
12/4/25,12/4/25,5-365 FOOD SERVICE TROY MI,4.01,Restaurants
12/4/25,12/4/25,5-365 FOOD SERVICE TROY MI,5.57,Restaurants
12/4/25,12/4/25,SENDIK'S WAUWATOSA WAUWATOSA WIAPPLE PAY ENDING IN 3896,21.41,Supermarkets
12/4/25,12/4/25,SP DOOR COUNTY DELIVER 9208680150 WI,69.06,Merchandise
12/4/25,12/4/25,SQ *VALENTINE COFFEE C MILWAUKEE WI0002305843023403077924,17.42,Restaurants
12/5/25,12/5/25,365 MARKET J 888 432-329 TROY MI,2,Restaurants
12/5/25,12/5/25,BALISTRERI'S ITALIAN AME WAUWATOSA WI,76.26,Restaurants
12/5/25,12/5/25,LS RUCKUS & GLEE WAUWATOSA WI,91.01,Merchandise
12/5/25,12/5/25,SQ *ULTIMATE CONFECTIO WAUWATOSA WI0001152921516369489187,20.74,Merchandise
12/5/25,12/5/25,TST*JOY ICE CREAM SOCI WAUWATOSA WI00229365029191500811AA,19.9,Merchandise
12/6/25,12/6/25,5-365 FOOD SERVICE TROY MI,5.79,Restaurants
12/6/25,12/6/25,KETTLE RANGE MEATS MILWAUKEE WI,42.26,Merchandise
12/6/25,12/6/25,METCALFE'S MARKET WAUWATOSA WIAPPLE PAY ENDING IN 3896,66.83,Supermarkets
12/6/25,12/6/25,THE HOME DEPOT #4923 WAUWATOSA WI,8.12,Home Improvement
12/7/25,12/7/25,TST*MIDTOWN GRILL 414-837-6400 WIAPPLE PAY ENDING IN 704900039277029201929867AA,9,Restaurants
12/7/25,12/7/25,VSI*MKE CO PARKS WEB 414-257-5180 WIVSI*MKE CO PARKS WEB,25,Government Services
12/8/25,12/8/25,365 MARKET J 888 432-329 TROY MI,2,Restaurants
12/8/25,12/8/25,365 MARKET J 888 432-329 TROY MI,3,Restaurants
12/8/25,12/8/25,365 MARKET K 888 432-329 TROY MI,1,Restaurants
12/8/25,12/8/25,CENTRAL BARK-BROOKFIELD 262-781-5554 WI,42.04,Services
12/9/25,12/9/25,5-365 FOOD SERVICE TROY MI,4.52,Restaurants
12/9/25,12/9/25,APPLIANCE GALLERY 414-3423300 WI,"5,123.51",Merchandise
12/9/25,12/9/25,CENTRAL BARK-BROOKFIELD 262-781-5554 WI,10.51,Services
12/9/25,12/9/25,LEGACY GYM MKE 262-989-6696 WI,95,Travel/ Entertainment
12/9/25,12/9/25,VSI*TOSAREC ONLINE 414-773-2905 WIVSI*TOSAREC ONLINE,156,Government Services
12/10/25,12/10/25,CAFE ZUPAS-MENOMONEE MENOMONEE FALWI,13.36,Restaurants
12/10/25,12/10/25,MED*FROEDTERT HEALTH I 800-803-8155 WI495545599,27.17,Medical Services
12/10/25,12/10/25,RAISING CANES 0948 BROOKFIELD WI01015P,19.93,Restaurants
12/10/25,12/10/25,SCHUSTER FAMILY EYECARE MENOMONEE FLSWI,45,Medical Services
12/11/25,12/11/25,365 MARKET K 888 432-329 TROY MI,1,Restaurants
12/11/25,12/11/25,5-365 FOOD SERVICE TROY MI,2.59,Restaurants
12/11/25,12/11/25,SQ *MILWAUKEE ELECTRIC BROOKFIELD WI0002305843023422294456,797.08,Home Improvement
12/12/25,12/12/25,PAYPAL *DICKSSPORTI 888-221-1161 CA,149.57,Merchandise
12/12/25,12/12/25,TST*YO MAMA - WAUWATOS WAUWATOSA WI00042815029306470799AA,15.52,Restaurants
12/13/25,12/13/25,HULU 888-439-4858 CAHULU,1.08,Services
12/13/25,12/13/25,KETTLE RANGE MEATS MILWAUKEE WI,61.12,Merchandise
12/13/25,12/13/25,METCALFE'S MARKET WAUWATOSA WI,62.46,Supermarkets
12/13/25,12/13/25,PICK N SAVE #372 MILWAUKEE WI,31.2,Supermarkets
12/14/25,12/14/25,KOHL'S #0039 BROOKFIELD WI,49.27,Department Stores
12/14/25,12/14/25,NOODLES AND COMPANY BROOMFIELD CO,33.08,Restaurants
12/14/25,12/14/25,PAYPAL *DICKSSPORTI 888-221-1161 CA,11.67,Merchandise
12/14/25,12/14/25,SSA MILWAUKEE COUNTY ZOO MILWAUKEE WI,49.5,Merchandise
12/15/25,12/15/25,365 MARKET J 888 432-329 TROY MI,1.25,Restaurants
12/15/25,12/15/25,CENTRAL BARK-BROOKFIELD 262-781-5554 WI,42.04,Services
12/15/25,12/15/25,DINING FURNITURE SHOWCAS WEST ALLIS WI,781.46,Merchandise
12/15/25,12/15/25,LEGACY GYM MKE 262-989-6696 WI,95,Travel/ Entertainment
12/16/25,12/16/25,5-365 FOOD SERVICE TROY MI,2.59,Restaurants
12/16/25,12/16/25,CENTRAL BARK-BROOKFIELD 262-781-5554 WI,21.02,Services
12/17/25,12/17/25,CULVERS BROOKFIELD 2 BROOKFIELD WI,30.09,Restaurants
12/18/25,12/19/25,"LOWE'S OF WAUWATOSA, WI WAUWATOSA WI",63.48,Home Improvement
12/18/25,12/19/25,MICROSOFT#G130590096 MSBILL.INFO WA,13.91,Merchandise
12/19/25,12/19/25,METCALFE'S MARKET WAUWATOSA WIAPPLE PAY ENDING IN 3896,51.59,Supermarkets
12/20/25,12/20/25,5-365 FOOD SERVICE TROY MI,4.81,Restaurants
12/20/25,12/20/25,COOPERS HAWK BROOKFIELD BROOKFIELD WI,200,Restaurants
12/20/25,12/20/25,FIDDLEHEADS COFFEE ROAST WAUWATOSA WI,24.57,Restaurants
12/20/25,12/20/25,KETTLE RANGE MEATS ELM GROVE WI,62.27,Merchandise
12/20/25,12/20/25,KWIK TRIP #586 BUTLER WI,200,Gasoline
12/20/25,12/20/25,SP NOURISH NATURAL P 4142310955 WI,26.48,Merchandise
12/20/25,12/20/25,SP THRIVECAUSEMETICS 8888044318 WA,71.81,Merchandise
12/21/25,12/21/25,AMERICAN EAGLE OUTFITT AE.COM/US/EN PA,3.17,Merchandise
12/21/25,12/21/25,DELISH DELIVERED MEQUON WI,100,Restaurants
12/21/25,12/21/25,KOPP'S CUSTARD GLENDALE GLENDALE WI,12,Restaurants
12/21/25,12/21/25,SECURE PARKING DISCOVERY MILWAUKEE WI,10,Services
12/21/25,12/21/25,SP NOURISH NATURAL P BAYSIDE WI,61.43,Merchandise
12/21/25,12/21/25,SQ *BIG WHITE YETI MILWAUKEE WI0002305843023487639323,64.74,Supermarkets
12/22/25,12/22/25,365 MARKET J 888 432-329 TROY MI,3,Restaurants
12/22/25,12/22/25,CENTRAL BARK-BROOKFIELD 262-781-5554 WI,42.04,Services
12/22/25,12/22/25,"LOWE'S OF WAUWATOSA, WI WAUWATOSA WI",19,Home Improvement
12/22/25,12/22/25,SPECTRUM 855-707-7328 MORC1416285718,105,Services
12/23/25,12/23/25,CENTRAL BARK-BROOKFIELD 262-781-5554 WI,10.51,Services
12/23/25,12/23/25,FULL SERVICE CAR WASH #5 WAUWATOSA WI,14.82,Automotive
12/23/25,12/23/25,QDOBA 2856 WAUWATOSA WI02301P,22.64,Restaurants
12/23/25,12/23/25,SALON MARIE LLC HALES CORNERSWI,42,Services
12/23/25,12/23/25,SENDIK'S WAUWATOSA WAUWATOSA WIAPPLE PAY ENDING IN 3896,43.73,Supermarkets
12/24/25,12/24/25,FIVE BELOW 746 MENOMONEE FALWI,7.35,Merchandise
12/24/25,12/24/25,SQ *VALENTINE COFFEE C MILWAUKEE WI0002305843023503924310,31.97,Restaurants
12/26/25,12/26/25,365 MARKET J 888 432-329 TROY MI,1.34,Restaurants
12/26/25,12/26/25,365 MARKET K 888 432-329 TROY MI,1,Restaurants
12/26/25,12/26/25,DICKS SPORTING GOODS WAUWATOSA TNAPPLE PAY ENDING IN 3896,22.23,Merchandise
12/26/25,12/26/25,"LOWE'S OF WAUWATOSA, WI WAUWATOSA WI",36.37,Home Improvement
12/27/25,12/27/25,EVERVET WAUWATOSA WI,249.9,Services
12/27/25,12/27/25,METCALFE'S MARKET WAUWATOSA WIAPPLE PAY ENDING IN 3896,69.31,Supermarkets
12/27/25,12/27/25,SQ *COLECTIVO GOSQ.COM WIAPPLE PAY ENDING IN 23730002305843023514501927,23.01,Restaurants
12/28/25,12/28/25,TST*CRANKY ALS WAUWATOSA WI00020123029551986856AA,12.7,Restaurants
12/29/25,12/29/25,365 MARKET K 888 432-329 TROY MI,1.89,Restaurants
12/29/25,12/29/25,CENTRAL BARK-BROOKFIELD 262-781-5554 WI,42.04,Services
12/29/25,12/29/25,TOPPERS PIZZA WAUWATOSA 4144667777 WI,25.65,Restaurants
12/29/25,12/29/25,UWGB UNION PHOENIX STORE 920-4652911 WI,38.82,Education
12/30/25,12/30/25,5-365 FOOD SERVICE TROY MI,5.49,Restaurants
12/30/25,12/30/25,FREESES CANDY SHOPPE MILWAUKEE WI,14.01,Merchandise
12/30/25,12/30/25,SENDIK'S WAUWATOSA WAUWATOSA WIAPPLE PAY ENDING IN 3896,4,Supermarkets
12/30/25,12/30/25,SENDIK'S WAUWATOSA WAUWATOSA WIAPPLE PAY ENDING IN 3896,24.44,Supermarkets
12/30/25,12/30/25,SQ *C. ADAM'S BAKERY MILWAUKEE WI0002305843023532238779,8.75,Restaurants
12/30/25,12/30/25,SSA - DISCOVERY WORLD MU MILWAUKEE WI,24.27,Restaurants
12/30/25,12/30/25,SU CASA GRANDE MENOMONEE FALWI,68.27,Restaurants
12/31/25,12/31/25,TST*MISS MOLLYS CAFE & 414-249-5665 WIAPPLE PAY ENDING IN 237300037390029597183563AA,47.15,Restaurants
1/1/26,1/1/26,FIDDLEHEADS COFFEE ROAST WAUWATOSA WI,46.64,Restaurants
1/1/26,1/1/26,GIRL SCOUTS OF THE USA 212-852-6587 NY,30,Services
1/3/26,1/3/26,APPLE.COM/BILL 866-712-7753 CAMKQZY0JHJYA0,2,Merchandise
1/3/26,1/3/26,KETTLE RANGE MEATS MILWAUKEE WI,15.88,Merchandise
1/3/26,1/3/26,METCALFE'S MARKET WAUWATOSA WI,124.66,Supermarkets
1/3/26,1/3/26,PAYMENT - THANK YOU,"-11,500",Payments and Credits
1/3/26,1/3/26,VSI*TOSAREC ONLINE 414-773-2905 WIVSI*TOSAREC ONLINE,72,Government Services
1/4/26,1/4/26,RAY'S WINE AND SPIRITS WAUWATOSA WIAPPLE PAY ENDING IN 3896,50.03,Merchandise
1/4/26,1/4/26,SENDIK'S WAUWATOSA WAUWATOSA WI,20.76,Supermarkets
1/4/26,1/4/26,TST*MIDTOWN GRILL 414-837-6400 WIAPPLE PAY ENDING IN 237300039277029644066315AA,43.31,Restaurants
1/5/26,1/5/26,365 MARKET J 888 432-329 TROY MI,1.25,Restaurants
1/5/26,1/5/26,CENTRAL BARK-BROOKFIELD 262-781-5554 WI,42.04,Services
1/5/26,1/5/26,MADACC 414-649-8640 WI121416232,13,Services
1/5/26,1/5/26,SP NOURISH NATURAL P 4142310955 WIAPPLE PAY ENDING IN 6966,100.81,Merchandise
1/6/26,1/6/26,5-365 FOOD SERVICE TROY MI,2.44,Restaurants
1/6/26,1/6/26,GS WISCONSIN SOUTHEAST 800-565-4475 WI,57,Services
1/6/26,1/6/26,OTTER* SAZS STATE H 8186725999 CAAPPLE PAY ENDING IN 2373,19.74,Restaurants
1/6/26,1/6/26,OTTER* SAZS STATE H 8186725999 CA,60.47,Restaurants
1/7/26,1/7/26,5-365 FOOD SERVICE TROY MI,2.46,Restaurants
1/8/26,1/8/26,365 MARKET J 888 432-329 TROY MI,2,Restaurants
1/8/26,1/8/26,5-365 FOOD SERVICE TROY MI,6.33,Restaurants
1/9/26,1/9/26,5-365 FOOD SERVICE TROY MI,5.33,Restaurants
1/9/26,1/9/26,LEGACY GYM MKE WAUWATOSA WI,95,Travel/ Entertainment
1/9/26,1/9/26,METCALFE'S MARKET WAUWATOSA WIAPPLE PAY ENDING IN 3896,88.43,Supermarkets
1/9/26,1/9/26,PY *WY EAST PIZZA MILWAUKEE WI,70.35,Restaurants
1/9/26,1/9/26,TST*YO MAMA - WAUWATOS WAUWATOSA WI00042815029735990231AA,4.83,Restaurants
1/9/26,1/9/26,TST*YO MAMA - WAUWATOS WAUWATOSA WI00042815029735908168AA,10.56,Restaurants
1/10/26,1/10/26,5-365 FOOD SERVICE TROY MI,4.94,Restaurants
1/10/26,1/10/26,MATC GARAGE MILWAUKEE WI,21.58,Services
1/10/26,1/10/26,TST*MISS MOLLYS CAFE & 414-249-5665 WIAPPLE PAY ENDING IN 237300037390029745699090AA,16.23,Restaurants
1/10/26,1/10/26,TST*MISS MOLLYS CAFE & MILWAUKEE WI00037390029745818475AA,13.4,Restaurants
1/11/26,1/11/26,ETHIQUE USC 888-221-1161 DE,30.6,Merchandise
1/12/26,1/12/26,CENTRAL BARK-BROOKFIELD 262-781-5554 WI,42.04,Services
1/12/26,1/12/26,LS BENTLEYS PET STUFF WAUWATOSA WI,18.52,Merchandise
1/13/26,1/13/26,5-365 FOOD SERVICE TROY MI,7.27,Restaurants
1/13/26,1/13/26,APPLE.COM/BILL 866-712-7753 CAMKQZY0JJ31A0,14.82,Merchandise
1/13/26,1/13/26,CENTRAL BARK-BROOKFIELD 262-781-5554 WI,10.51,Services
1/13/26,1/13/26,HULU 888-439-4858 CAHULU,1.08,Services
1/13/26,1/13/26,PANERA BREAD #606423 O 855-372-6372 WIAPPLE PAY ENDING IN 23736051716044932358,33.96,Restaurants
1/13/26,1/13/26,SQ *CREAM CITY SOAP CO WAUWATOSA WI0001152921516545752916,34.18,Supermarkets
1/13/26,1/15/26,THE HOME DEPOT #4940 MENOMONEE FLSWI,-8.12,Payments and Credits
1/14/26,1/14/26,5-365 FOOD SERVICE TROY MI,4.31,Restaurants
1/14/26,1/14/26,SP POCO PIZZA 9209482878 WI,142.25,Supermarkets
1/15/26,1/15/26,365 MARKET J 888 432-329 TROY MI,3,Restaurants
1/15/26,1/15/26,5-365 FOOD SERVICE TROY MI,2.55,Restaurants
1/15/26,1/15/26,ACE HARDWARE CORPORATION 888-827-4223 IL,31.48,Home Improvement
1/15/26,1/15/26,KETTLE RANGE MEATS MILWAUKEE WI,71.61,Merchandise
1/15/26,1/15/26,LEGACY GYM MKE 262-989-6696 WI,95,Travel/ Entertainment
1/15/26,1/15/26,MILTOWN EATS LLC 4144349799 WIAPPLE PAY ENDING IN 2373,50,Supermarkets
1/16/26,1/16/26,DINING TROY MI,2.6,Restaurants
1/16/26,1/16/26,MURF'S FROZEN CUSTARD & BROOKFIELD WI,52.06,Restaurants
1/17/26,1/17/26,5-365 FOOD SERVICE TROY MI,2.6,Restaurants
1/17/26,1/17/26,EVERVET WAUWATOSA WI,53,Services
1/17/26,1/17/26,LEGACY GYM MKE 262-989-6696 WI,25,Travel/ Entertainment
1/17/26,1/19/26,FIDDLEHEADS COFFEE ROAST WAUWATOSA WI,10.48,Restaurants
1/17/26,1/19/26,FIDDLEHEADS COFFEE ROAST WAUWATOSA WI,29.31,Restaurants
1/18/26,1/19/26,DSW MAYFAIR RD WAUWATOSA WI,38.11,Merchandise
1/18/26,1/19/26,METCALFE'S MARKET WAUWATOSA WIAPPLE PAY ENDING IN 3896,89.88,Supermarkets
1/18/26,1/19/26,MICROSOFT#G136082799 MSBILL.INFO WA,13.91,Merchandise
1/19/26,1/19/26,365 MARKET J 888 432-329 TROY MI,3,Restaurants
1/19/26,1/19/26,CENTRAL BARK-BROOKFIELD 262-781-5554 WI,42.04,Services
1/20/26,1/20/26,365 MARKET J 888 432-329 TROY MI,1.35,Restaurants
1/20/26,1/20/26,365 MARKET K 888 432-329 TROY MI,0.86,Restaurants
1/20/26,1/20/26,CENTRAL BARK-BROOKFIELD 262-781-5554 WI,10.51,Services
1/20/26,1/20/26,CHIPOTLE MEX GR ONLINE 303-595-4000 CA,39.58,Restaurants
1/20/26,1/20/26,SQ *AQUA THERAPUPS BROOKFIELD WI0002305843023624859855,65.09,Services
1/21/26,1/21/26,5-365 FOOD SERVICE TROY MI,4.51,Restaurants
1/22/26,1/22/26,5-365 FOOD SERVICE TROY MI,5,Restaurants
1/22/26,1/22/26,CULVERS HALE CORNERS 108 HALES CORNERSWI,15.5,Restaurants
1/22/26,1/22/26,MILTOWN EATS LLC 4144349799 WIAPPLE PAY ENDING IN 2373,50,Supermarkets
1/22/26,1/22/26,SALON MARIE LLC HALES CORNERSWI,155,Services
1/22/26,1/22/26,SENDIK'S WAUWATOSA WAUWATOSA WIAPPLE PAY ENDING IN 3896,39.69,Supermarkets
1/22/26,1/22/26,SPECTRUM 855-707-7328 MORC1502593044,105,Services
1/23/26,1/23/26,365 MARKET J 888 432-329 TROY MI,2,Restaurants
1/23/26,1/23/26,5-365 FOOD SERVICE TROY MI,4.24,Restaurants
1/24/26,1/24/26,NOODLES AND COMPANY 2122600895 COAPPLE PAY ENDING IN 2373,39.79,Restaurants
1/24/26,1/24/26,RAISING CANES 0948 MOB 972-769-3100 WI1143479396401167,27.67,Restaurants
1/24/26,1/24/26,SQ *VALENTINE COFFEE C MILWAUKEE WI0002305843023644706089,37.21,Restaurants
1/25/26,1/25/26,KETTLE RANGE MEATS MILWAUKEE WI,35.14,Merchandise
1/25/26,1/25/26,METCALFE'S MARKET WAUWATOSA WIAPPLE PAY ENDING IN 3896,44.58,Supermarkets
1/25/26,1/25/26,SP REC SPECS 9738964105 NJ,149.37,Merchandise
1/25/26,1/25/26,SPOTHERO 844-356-8054 8443568054 ILAPPLE PAY ENDING IN 2373,16.09,Services
1/25/26,1/25/26,SQ *MARCUS PERFORMING MILWAUKEE WI0002305843023651312792,14.95,Travel/ Entertainment
1/26/26,1/26/26,CENTRAL BARK-BROOKFIELD 262-781-5554 WI,42.04,Services
1/26/26,1/26/26,PAYMENT - THANK YOU,"-3,729.83",Payments and Credits
1/26/26,1/26/26,SHANAZ BEACHFRONT LLC 920-8392345 WI,216.79,Travel/ Entertainment
1/27/26,1/27/26,5-365 FOOD SERVICE TROY MI,5.49,Restaurants
1/27/26,1/27/26,CENTRAL BARK-BROOKFIELD 262-781-5554 WI,10.51,Services
1/27/26,1/27/26,TEMPO MILWAUKEE MILWAUKEE WI,40,Services
1/28/26,1/28/26,365 MARKET J 888 432-329 TROY MI,1.25,Restaurants
1/28/26,1/28/26,5-365 FOOD SERVICE TROY MI,2.41,Restaurants
1/28/26,1/28/26,AMAZON MKTPL*M62EE2JX3 AMZN.COM/BILLWA398SCGP55W0,2.6,Merchandise
1/28/26,1/28/26,FROEDTERT PHARMACY 175 WAUWATOSA WI,12.87,Merchandise
1/28/26,1/28/26,SP NOURISH NATURAL P 4142310955 WIAPPLE PAY ENDING IN 3896,34.17,Merchandise
1/28/26,1/28/26,WALGREENS #3578 WAUWATOSA WI,17.13,Merchandise
1/29/26,1/29/26,MILTOWN EATS LLC 4144349799 WIAPPLE PAY ENDING IN 2373,50,Supermarkets
1/29/26,1/29/26,NOODLES AND COMPANY 2122600895 COAPPLE PAY ENDING IN 2373,22.08,Restaurants
1/29/26,1/29/26,PANERA BREAD #606423 O 855-372-6372 WIAPPLE PAY ENDING IN 23736051716052744536,11.37,Restaurants
1/29/26,1/29/26,SALON MARIE LLC HALES CORNERSWI,35,Services
1/29/26,1/29/26,SCRUB-A-DUB AVENUE MILWAUKEE WI,14,Automotive
1/30/26,1/30/26,365 MARKET J 888 432-329 TROY MI,3,Restaurants
1/30/26,1/30/26,365 MARKET K 888 432-329 TROY MI,1.4,Restaurants
1/30/26,1/30/26,GLOSS* TOSA WELLNESS & WAUWATOSA WI,53.82,Services
1/30/26,1/30/26,TOPPERS PIZZA WAUWATOSA 4144667777 WI,29.34,Restaurants
1/31/26,1/31/26,VEHICLE REGISTRATION R 608-266-7587 WI,133.06,Government Services
2/1/26,2/1/26,FIDDLEHEADS COFFEE ROAST WAUWATOSA WI,32.9,Restaurants
2/1/26,2/1/26,SENDIK'S WAUWATOSA WAUWATOSA WIAPPLE PAY ENDING IN 3896,57.77,Supermarkets
2/2/26,2/2/26,365 MARKET J 888 432-329 TROY MI,3,Restaurants
2/2/26,2/2/26,CENTRAL BARK-BROOKFIELD 262-781-5554 WI,42.04,Services
2/2/26,2/2/26,PY *SIENA RETREAT CENTER RACINE WIAPPLE PAY ENDING IN 3896,390,Services
2/2/26,2/2/26,RF *CROSSWAYS CAMPIN 920-882-0023 WI,100,Services
2/2/26,2/2/26,"SPARTAN RACE, INC. 5084330041 MA",79.09,Travel/ Entertainment
2/3/26,2/3/26,CENTRAL BARK-BROOKFIELD 262-781-5554 WI,10.51,Services
2/4/26,2/4/26,5-365 FOOD SERVICE TROY MI,2.71,Restaurants
2/4/26,2/4/26,DISCOVERY WORLD 4147651977 WIAPPLE PAY ENDING IN 3896,740,Services
2/5/26,2/5/26,5-365 FOOD SERVICE TROY MI,4.31,Restaurants
2/5/26,2/5/26,CHICK-FIL-A #03252 2623730609 WI,29.07,Restaurants
2/5/26,2/5/26,METCALFE'S MARKET WAUWATOSA WIAPPLE PAY ENDING IN 3896,77.24,Supermarkets
2/5/26,2/5/26,MILTOWN EATS LLC 4144349799 WIAPPLE PAY ENDING IN 2373,50,Supermarkets
2/5/26,2/5/26,WALGREENS #10196 WAUWATOSA WIAPPLE PAY ENDING IN 3896,26.45,Merchandise
2/6/26,2/6/26,5-365 FOOD SERVICE TROY MI,2.67,Restaurants
2/6/26,2/6/26,SQ *RAY'S GROWLER GALL MILWAUKEE WI0002305843023690212015,29.5,Restaurants
2/6/26,2/6/26,TST*JOY ICE CREAM SOCI WAUWATOSA WI00229365030159499167AA,18.83,Merchandise
2/7/26,2/7/26,5-365 FOOD SERVICE TROY MI,4.75,Restaurants
2/7/26,2/7/26,CHIPOTLE MEX GR ONLINE 303-595-4000 CAAPPLE PAY ENDING IN 2373,30.03,Restaurants
2/7/26,2/7/26,CULVERS ELM GROVE ELM GROVE WI,14.9,Restaurants
2/7/26,2/7/26,FIDDLEHEADS COFFEE ROAST WAUWATOSA WI,5.52,Restaurants
2/7/26,2/7/26,MICHAELS STORES 6709 BROOKFIELD WI6709005102842602071822,4.19,Merchandise
2/7/26,2/7/26,VCO*GREATER MILWAUKEE 414-671-1212 WI,102.9,Services
2/8/26,2/8/26,PAYPAL *NEEDLESKEIN CAR 888-221-1161 CA,5,Merchandise
2/8/26,2/8/26,SQSP* DOMAIN#221412022 6465803456 NY,5,Services
2/9/26,2/9/26,CENTRAL BARK-BROOKFIELD 262-781-5554 WI,42.04,Services
2/9/26,2/9/26,LEGACY GYM MKE 262-989-6696 WI,95,Travel/ Entertainment
2/9/26,2/9/26,TST*CRANKY ALS 414-258-5282 WIAPPLE PAY ENDING IN 237300020123030197689152AA,12,Restaurants
2/10/26,2/10/26,5-365 FOOD SERVICE TROY MI,4.15,Restaurants
2/10/26,2/10/26,CENTRAL BARK-BROOKFIELD 262-781-5554 WI,21.02,Services
2/10/26,2/10/26,SP DRINK ZYN 8663765996 WIAPPLE PAY ENDING IN 3896,44.99,Supermarkets
2/11/26,2/11/26,5-365 FOOD SERVICE TROY MI,2.96,Restaurants
2/11/26,2/11/26,CHEWY.COM 800-672-4399 FLAPPLE PAY ENDING IN 3896PMT-JI7JKMHMFT,59.67,Merchandise
2/11/26,2/11/26,NOODLES AND COMPANY 2122600895 COAPPLE PAY ENDING IN 2373,31.47,Restaurants
2/11/26,2/11/26,TST*JOY ICE CREAM SOCI WAUWATOSA WI00229365030239508480AA,22.62,Merchandise
2/12/26,2/12/26,5-365 FOOD SERVICE TROY MI,5.49,Restaurants
2/12/26,2/12/26,CITY OF*WAUWATOSA 414-479-8960 WITYLX20949192,25,Government Services
2/12/26,2/12/26,MILTOWN EATS LLC 4144349799 WIAPPLE PAY ENDING IN 2373,50,Supermarkets
2/13/26,2/13/26,BALISTRERI'S ITALIAN AME WAUWATOSA WI,105.34,Restaurants
2/13/26,2/13/26,HULU 888-439-4858 CAHULU,1.06,Services
2/13/26,2/13/26,SQ *ULTIMATE CONFECTIO WAUWATOSA WI0002305843023731564915,38.52,Merchandise
2/13/26,2/13/26,SQ *VALENTINE COFFEE C MILWAUKEE WI0002305843023728928182,6.96,Restaurants
2/14/26,2/14/26,CONCESSIONS MILWAUKEE WI,29.25,Restaurants
2/14/26,2/14/26,DINING TROY MI,4,Restaurants
2/14/26,2/14/26,KETTLE RANGE MEATS MILWAUKEE WI,58.95,Merchandise
2/14/26,2/14/26,MU-PARKING STRUCTURE 1 MILWAUKEE WI,10,Services
2/14/26,2/14/26,TST*GORDOS BUBBLE WAFF MILWAUKEE WI00179140030291085891AA,37,Restaurants
2/15/26,2/15/26,JILLY'S CAR WASH - WAUWA WAUWATOSA WI,2,Automotive
2/15/26,2/15/26,LEGACY GYM MKE 262-989-6696 WI,95,Travel/ Entertainment
2/15/26,2/15/26,METCALFE'S MARKET WAUWATOSA WI,41.34,Supermarkets
2/15/26,2/15/26,TST*MIDTOWN GRILL 414-837-6400 WIAPPLE PAY ENDING IN 237300039277030285382598AA,43.71,Restaurants
2/16/26,2/16/26,APPLE.COM/BILL 866-712-7753 CAMVS2K66BHZA0,10.58,Merchandise
2/16/26,2/16/26,CENTRAL BARK-BROOKFIELD 262-781-5554 WI,42.04,Services
2/17/26,2/17/26,365 MARKET J 888 432-329 TROY MI,2,Restaurants
2/17/26,2/17/26,5-365 FOOD SERVICE TROY MI,4,Restaurants
2/17/26,2/17/26,CENTRAL BARK-BROOKFIELD 262-781-5554 WI,10.51,Services
2/18/26,2/19/26,5-365 FOOD SERVICE TROY MI,3.23,Restaurants
2/18/26,2/19/26,TST* CAFE HOLLANDER TOSA MILWAUKEE WIAPPLE PAY ENDING IN 2373,48.38,Restaurants
2/19/26,2/19/26,365 MARKET K 888 432-329 TROY MI,1.99,Restaurants
2/19/26,2/19/26,5-365 FOOD SERVICE TROY MI,7.26,Restaurants
2/19/26,2/19/26,MICROSOFT-G141924648 REDMOND WA,13.91,Merchandise
2/19/26,2/19/26,MILTOWN EATS LLC 4144349799 WIAPPLE PAY ENDING IN 2373,50,Supermarkets
2/19/26,2/19/26,WILSON CENTER 2627819470 WIAPPLE PAY ENDING IN 2373,680,Services
2/20/26,2/20/26,5-365 FOOD SERVICE TROY MI,3.74,Restaurants
2/20/26,2/20/26,MED*FROEDTERT HEALTH I 800-803-8155 WIAPPLE PAY ENDING IN 3896532007640,90.8,Medical Services
2/20/26,2/20/26,RAISING CANES 0948 MOB 972-769-3100 WI1769621750333441,20.77,Restaurants
2/20/26,2/20/26,RUCKUS & GLEE 4143953201 WI,31.76,Merchandise
2/21/26,2/21/26,5-365 FOOD SERVICE TROY MI,5,Restaurants
2/21/26,2/21/26,CAFE ZUPAS-MENOMONEE MENOMONEE FALWI,50.64,Restaurants
2/21/26,2/21/26,LS RUCKUS & GLEE WAUWATOSA WI,6.34,Merchandise
2/21/26,2/21/26,WAUWATOSA ACE HARDWARE WAUWATOSA WI,46.57,Home Improvement
2/22/26,2/22/26,SP TRUE GRACE HEALTH 2164064208 WI,63.81,Supermarkets
2/22/26,2/22/26,SPECTRUM 855-707-7328 MORC1526552364,110,Services
2/23/26,2/23/26,CENTRAL BARK-BROOKFIELD 262-781-5554 WI,42.04,Services
2/23/26,2/23/26,METCALFE'S MARKET WAUWATOSA WI,46.66,Supermarkets
2/23/26,2/23/26,PAYPAL *GIFTCRDSHOP TGC 888-221-1161 CA,100,Services
2/24/26,2/24/26,365 MARKET K 888 432-329 TROY MI,0.86,Restaurants
2/24/26,2/24/26,5-365 FOOD SERVICE TROY MI,3.36,Restaurants
2/24/26,2/24/26,CENTRAL BARK-BROOKFIELD 262-781-5554 WI,10.51,Services
2/24/26,2/24/26,PAYMENT - THANK YOU,"-4,700",Payments and Credits
2/24/26,2/24/26,SP ETHIQUE USCAN 6292629069 DE,47.66,Merchandise
2/25/26,2/25/26,5-365 FOOD SERVICE TROY MI,4,Restaurants
2/25/26,2/25/26,LANDS END 800-332-4700 WIAPPLE PAY ENDING IN 3896,11.57,Merchandise
2/26/26,2/26/26,5-365 FOOD SERVICE TROY MI,6.25,Restaurants
2/26/26,2/26/26,MILTOWN EATS LLC 4144349799 WIAPPLE PAY ENDING IN 2373,50,Supermarkets
2/26/26,2/26/26,OUTPOST NATURAL FOODS CO WAUWATOSA WI,40,Supermarkets
2/26/26,2/26/26,TST*MISS MOLLYS CAFE & 414-249-5665 WIAPPLE PAY ENDING IN 237300037390030491286226AA,15.53,Restaurants
2/27/26,2/27/26,365 MARKET K 888 432-329 TROY MI,0.86,Restaurants
2/27/26,2/27/26,5-365 FOOD SERVICE TROY MI,4.82,Restaurants
2/27/26,2/27/26,FROEDTERT PHARMACY 175 WAUWATOSA WI,10,Merchandise
2/28/26,2/28/26,5-365 FOOD SERVICE TROY MI,1.16,Restaurants
2/28/26,2/28/26,APPLE.COM/BILL 866-712-7753 CAMKS03BQ5BMA0,84.71,Merchandise
2/28/26,2/28/26,GSWISE 800-5654475 WI,150,Services
2/28/26,2/28/26,METCALFE'S MARKET WAUWATOSA WI,75.95,Supermarkets
2/28/26,2/28/26,MURF'S FROZEN CUSTARD & BROOKFIELD WI,43.75,Restaurants
2/28/26,2/28/26,REI #60 BROOKFIELD BROOKFIELD WI02834P,65.45,Merchandise
2/28/26,2/28/26,SQ *HIGHLANDS CAFE WAUWATOSA WI0002305843023824456508,44.92,Restaurants
2/28/26,2/28/26,USPS PO 5687150226 MILWAUKEE WI,11.95,Government Services
3/2/26,3/2/26,365 MARKET K 888 432-329 TROY MI,1.76,Restaurants
3/2/26,3/2/26,CENTRAL BARK-BROOKFIELD 262-781-5554 WI,42.04,Services
3/2/26,3/2/26,PANERA BREAD #606423 O 855-372-6372 WIAPPLE PAY ENDING IN 23736051716069692571,37.72,Restaurants
3/2/26,3/2/26,REI.COM 800-426-4840 800-426-4840 WAY128773852,137.67,Merchandise
3/3/26,3/3/26,CENTRAL BARK-BROOKFIELD 262-781-5554 WI,28.53,Services
3/3/26,3/3/26,LANDS END 800-332-4700 WIAPPLE PAY ENDING IN 3896,106.89,Merchandise
3/3/26,3/3/26,SAWYER ^ C* CLOUD 9 WO 9175408813 WI,210,Education
3/3/26,3/3/26,SAWYER* BOOKING FEE 9175408813 MI,3.99,Education
3/3/26,3/3/26,SP NOURISH NATURAL P 4142310955 WIAPPLE PAY ENDING IN 3896,44.99,Merchandise
3/4/26,3/4/26,5-365 FOOD SERVICE TROY MI,2.51,Restaurants
3/4/26,3/4/26,KETTLE RANGE MEATS MILWAUKEE WI,52.2,Merchandise
3/4/26,3/4/26,REI.COM 800-426-4840 800-426-4840 WAAPPLE PAY ENDING IN 3896A394538798,11.47,Merchandise
3/5/26,3/5/26,5-365 FOOD SERVICE TROY MI,4.21,Restaurants
3/5/26,3/5/26,MILTOWN EATS LLC 4144349799 WIAPPLE PAY ENDING IN 2373,30,Supermarkets
3/5/26,3/5/26,SALON MARIE LLC HALES CORNERSWI,34,Services
3/6/26,3/6/26,5-365 FOOD SERVICE TROY MI,3.07,Restaurants
3/6/26,3/6/26,TST*NORTH AVENUE GRILL WAUWATOSA WI00021253030640212643AA,60,Restaurants
3/6/26,3/6/26,TST*YO MAMA - WAUWATOS WAUWATOSA WI00042815030643326294AA,10.56,Restaurants
3/7/26,3/7/26,5-365 FOOD SERVICE TROY MI,4,Restaurants
3/7/26,3/7/26,NOODLES AND COMPANY 2122600895 COAPPLE PAY ENDING IN 2373,10.59,Restaurants
3/7/26,3/7/26,SP LOVE YOUR FACE SKIN WAUWATOSA WI,480,Merchandise
3/7/26,3/7/26,SQ *HAPPY BUDDHA BOUTI WAUWATOSA WI0002305843023876095809,116.69,Supermarkets
3/7/26,3/7/26,TOPPERS PIZZA WAUWATOSA 4144667777 WI,30.51,Restaurants
3/7/26,3/7/26,TST*MISS MOLLYS CAFE & 414-249-5665 WIAPPLE PAY ENDING IN 237300037390030654762345AA,40.01,Restaurants
3/8/26,3/8/26,CULVERS BROOKFIELD 2 BROOKFIELD WI,32.99,Restaurants
3/8/26,3/8/26,DSW MAYFAIR RD WAUWATOSA WI,167.79,Merchandise
3/8/26,3/8/26,METCALFE'S MARKET WAUWATOSA WIAPPLE PAY ENDING IN 3896,33.02,Supermarkets
3/9/26,3/9/26,365 MARKET K 888 432-329 TROY MI,1.99,Restaurants
3/9/26,3/9/26,CENTRAL BARK-BROOKFIELD 262-781-5554 WI,42.04,Services
3/9/26,3/9/26,LEGACY GYM MKE 262-989-6696 WI,95,Travel/ Entertainment
3/9/26,3/9/26,NEWBALANCE.COM BOSTON MA,72,Merchandise
3/10/26,3/10/26,5-365 FOOD SERVICE TROY MI,2.6,Restaurants
3/10/26,3/10/26,CENTRAL BARK-BROOKFIELD 262-781-5554 WI,10.51,Services
3/10/26,3/10/26,THE VITAMIN SHOPPE#220 WAUWATOSA WI033595,63.52,Supermarkets
3/11/26,3/11/26,5-365 FOOD SERVICE TROY MI,4.75,Restaurants
3/11/26,3/11/26,LANDS END DODGEVILLE WIAPPLE PAY ENDING IN 3896,-11.57,Payments and Credits
3/11/26,3/11/26,NOODLES AND COMPANY 2122600895 COAPPLE PAY ENDING IN 2373,34.47,Restaurants
3/12/26,3/12/26,5-365 FOOD SERVICE TROY MI,5.53,Restaurants
3/12/26,3/12/26,MILTOWN EATS LLC 4144349799 WIAPPLE PAY ENDING IN 2373,50,Supermarkets
3/12/26,3/12/26,SENDIK'S WAUWATOSA WAUWATOSA WI,32,Supermarkets
3/13/26,3/13/26,5-365 FOOD SERVICE TROY MI,5.32,Restaurants
3/13/26,3/13/26,DINING TROY MI,2.6,Restaurants
3/13/26,3/13/26,HULU 888-439-4858 CAHULU,1.06,Services
3/14/26,3/14/26,CHICK-FIL-A #03252 2623730609 WI,15.86,Restaurants
3/14/26,3/14/26,SENDIK'S WAUWATOSA WAUWATOSA WI,9,Supermarkets
3/14/26,3/14/26,SQ *LOUP - SOUP WITH A GOSQ.COM WIAPPLE PAY ENDING IN 23730001152921516784835950,76.68,Restaurants
3/14/26,3/14/26,SQ *THE RUBY TAP WAUWATOSA WI0002305843023929819384,13.72,Restaurants
3/15/26,3/15/26,IDEAL LOGO* WAUWATOSA 2149454000 WIAPPLE PAY ENDING IN 3896,65.67,Merchandise
3/15/26,3/15/26,LEGACY GYM MKE 262-989-6696 WI,95,Travel/ Entertainment
3/15/26,3/15/26,METCALFE'S MARKET WAUWATOSA WI,85.56,Supermarkets
3/16/26,3/16/26,CENTRAL BARK-BROOKFIELD 262-781-5554 WI,42.04,Services
3/17/26,3/17/26,365 MARKET J 888 432-329 TROY MI,2,Restaurants
3/17/26,3/17/26,CENTRAL BARK-BROOKFIELD 262-781-5554 WI,10.51,Services
3/18/26,3/19/26,365 MARKET K 888 432-329 TROY MI,1.99,Restaurants
3/18/26,3/19/26,5-365 FOOD SERVICE TROY MI,2.6,Restaurants
3/18/26,3/19/26,NOODLES AND COMPANY 2122600895 COAPPLE PAY ENDING IN 2373,26.81,Restaurants
3/19/26,3/19/26,365 MARKET K 888 432-329 TROY MI,0.86,Restaurants
3/19/26,3/19/26,5-365 FOOD SERVICE TROY MI,8.16,Restaurants
3/19/26,3/19/26,MICROSOFT#G147660032 MSBILL.INFO WA,13.91,Merchandise
3/19/26,3/19/26,MILTOWN EATS LLC 4144349799 WIAPPLE PAY ENDING IN 2373,50,Supermarkets
3/19/26,3/19/26,SENDIK'S WAUWATOSA WAUWATOSA WIAPPLE PAY ENDING IN 3896,25.19,Supermarkets
3/20/26,3/20/26,5-365 FOOD SERVICE TROY MI,4,Restaurants
3/20/26,3/20/26,NOODLES AND COMPANY 2122600895 COAPPLE PAY ENDING IN 2373,22.24,Restaurants
3/21/26,3/21/26,5-365 FOOD SERVICE TROY MI,5,Restaurants
3/21/26,3/21/26,BOSWELL BOOK COMPANY MILWAUKEE WI,68.35,Merchandise
3/21/26,3/21/26,DSW MAYFAIR RD WAUWATOSA WI,63.47,Merchandise
3/21/26,3/21/26,KETTLE RANGE MEATS MILWAUKEE WI,43.98,Merchandise
3/21/26,3/21/26,NAIL BAR MILWAUKEE NAILBARMKE.COWI,103,Services
3/21/26,3/21/26,SQ *VALENTINE COFFEE C MILWAUKEE WI0002305843023968145520,22.44,Restaurants
3/22/26,3/22/26,SENDIK'S WAUWATOSA WAUWATOSA WIAPPLE PAY ENDING IN 3896,8.74,Supermarkets
3/22/26,3/22/26,SPECTRUM 855-707-7328 MORC1598238146,110,Services
3/23/26,3/23/26,CENTRAL BARK-BROOKFIELD 262-781-5554 WI,42.04,Services
3/23/26,3/23/26,MARKEL PERSONAL LINES 800-236-2453 WI,154,Services
3/23/26,3/23/26,NOODLES AND COMPANY 2122600895 COAPPLE PAY ENDING IN 2373,29.37,Restaurants
3/24/26,3/24/26,365 MARKET J 888 432-329 TROY MI,1.25,Restaurants
3/24/26,3/24/26,5-365 FOOD SERVICE TROY MI,5.88,Restaurants
3/24/26,3/24/26,CENTRAL BARK-BROOKFIELD 262-781-5554 WI,73.06,Services
3/25/26,3/25/26,5-365 FOOD SERVICE TROY MI,2.53,Restaurants
3/25/26,3/25/26,JERSEY MIKES 29044 GERMANTOWN WI,23.93,Restaurants
3/25/26,3/25/26,LEGACY GYM MKE 262-989-6696 WI,200,Travel/ Entertainment
3/25/26,3/25/26,SENDIK'S WAUWATOSA WAUWATOSA WIAPPLE PAY ENDING IN 3896,1.39,Supermarkets
3/25/26,3/25/26,SQ *BLACK TWIG BAKERY WAUWATOSA WI0002305843024001780496,9.18,Merchandise
3/26/26,3/26/26,CENTRAL BARK-BROOKFIELD 262-781-5554 WI,437.24,Services
3/26/26,3/26/26,COUSINS SUBS #1125 MILWAUKEE WI,37.29,Restaurants
3/26/26,3/26/26,FROEDTERT PHARMACY 175 WAUWATOSA WI,10,Merchandise
3/26/26,3/26/26,MKE BRONZEVILLE CRX MILWAUKEE WI,6.59,Merchandise
3/26/26,3/26/26,MKE SKYLINE NEWS MILWAUKEE WI,4.33,Merchandise
3/26/26,3/26/26,PAYMENT - THANK YOU,"-5,500",Payments and Credits
3/27/26,3/27/26,WDW CRYSTAL PALACE LAKE BUENA VIFLWALT DISNEY PARKS AND RESORTS R1142066,194.56,Restaurants
3/27/26,3/27/26,WDW POPCORN CARTS LAKE BUENA VIFLWALT DISNEY PARKS AND RESORTS R1142085,15.22,Restaurants
3/27/26,3/27/26,WDW STORYBOOK TREAT LAKE BUENA VIFLWALT DISNEY PARKS AND RESORTS R1142094,12.87,Restaurants
3/28/26,3/28/26,RFC DISNEY ANIMAL REST LAKE BUENA VIFL,173.31,Restaurants
3/28/26,3/28/26,WALT DISNEY W DOLPHIN LAKE BUENA VIFL02887P,8.52,Travel/ Entertainment
3/28/26,3/28/26,WALT DISNEY W DOLPHIN LAKE BUENA VIFLAPPLE PAY ENDING IN 389602886P,8.52,Travel/ Entertainment
3/28/26,3/28/26,WALT DISNEY W DOLPHIN LAKE BUENA VIFL02883P,150.4,Travel/ Entertainment
3/28/26,3/28/26,WDW CHAKRANADI LAKE BUENA VIFLWALT DISNEY PARKS AND RESORTS R1141483,8.5,Restaurants
3/28/26,3/28/26,WDW HARAMBE MARKET LAKE BUENA VIFLWALT DISNEY PARKS AND RESORTS R1141477,10.42,Restaurants
3/28/26,3/28/26,WDW KALI ICE CREAM LAKE BUENA VIFLWALT DISNEY PARKS AND RESORTS R1141518,4.25,Restaurants
3/28/26,3/28/26,WDW KIDANI BRKFAST LAKE BUENA VIFLWALT DISNEY PARKS AND RESORTS R1146036,17.13,Restaurants
3/28/26,3/28/26,WDW KIDANI BRKFAST LAKE BUENA VIFLWALT DISNEY PARKS AND RESORTS R1146036,36.24,Restaurants
3/28/26,3/28/26,WDW MOMBASA LAKE BUENA VIFLWALT DISNEY PARKS AND RESORTS R1141551,46.63,Merchandise
3/28/26,3/28/26,WDWDINOSAURGERTIE'S LAKE BUENA VIFLWALT DISNEY PARKS AND RESORTS R1141665,19.78,Restaurants
3/28/26,3/28/26,WDWHOLLYWOODPOPCORN LAKE BUENA VIFLWALT DISNEY PARKS AND RESORTS R1141645,2.65,Restaurants
3/29/26,3/29/26,BOULANGERIE PATISSERIE LAKE BUENA VIFL,14.01,Restaurants
3/29/26,3/29/26,BOULANGERIE PATISSERIE LAKE BUENA VIFL,19.28,Restaurants
3/29/26,3/29/26,L'ARTISIAN DES GLACES LAKE BUENA VIFL,16.94,Restaurants
3/29/26,3/29/26,MEXICO PAVILION EPCOT CE LK BUENA VIS FL,52.19,Restaurants
3/29/26,3/29/26,SPECIAL EVENT CHINA LK BUENA VIS FL,18.64,Restaurants
3/29/26,3/29/26,TUTTO ITALIA LAKE BUENA VIFL02935P,8.26,Restaurants
3/29/26,3/29/26,WALT DISNEY W DOLPHIN LAKE BUENA VIFLAPPLE PAY ENDING IN 389602911P,9.05,Travel/ Entertainment
3/29/26,3/29/26,WDW BEVERAGE CART LAKE BUENA VIFLWALT DISNEY PARKS AND RESORTS R1141794,2.65,Restaurants
3/29/26,3/29/26,WDW BOARDWALK LAKE BUENA VIFLWALT DISNEY PARKS AND RESORTS R1146069,13.82,Restaurants
3/29/26,3/29/26,WDW COM HALL WINDOW LAKE BUENA VIFLWALT DISNEY PARKS AND RESORTS R1146768,5.31,Restaurants
3/29/26,3/29/26,WDW CREATIONS SHOP LAKE BUENA VIFLAPPLE PAY ENDING IN 3896WALT DISNEY PARKS AND RESORTS R1141892,63.89,Merchandise
3/29/26,3/29/26,WDW IMAGEWORKS LAKE BUENA VIFLWALT DISNEY PARKS AND RESORTS R1141877,37.22,Merchandise
3/30/26,3/30/26,CENTRAL BARK-BROOKFIELD 262-781-5554 WI,42.04,Services
3/30/26,3/30/26,WALT DISNEY W DOLPHIN LAKE BUENA VIFL03093P,63.78,Travel/ Entertainment
3/30/26,3/30/26,WDW ABC COMMISSARY 407-828-5630 FLAPPLE PAY ENDING IN 2373WALT DISNEY PARKS AND RESORTS R1141624,38.94,Restaurants
3/30/26,3/30/26,WDW BACKLOT EXPRESS 407-828-5630 FLWALT DISNEY PARKS AND RESORTS R1141625,18.93,Restaurants
3/30/26,3/30/26,WDW HYPERIONPOPCORN LAKE BUENA VIFLWALT DISNEY PARKS AND RESORTS R1145536,2.65,Restaurants
3/30/26,3/30/26,WDW SCI-FI DINE-IN LAKE BUENA VIFLWALT DISNEY PARKS AND RESORTS R1141654,134.08,Restaurants
3/30/26,3/30/26,WDW TATOOINETRADERS LAKE BUENA VIFLWALT DISNEY PARKS AND RESORTS R1141682,85.19,Merchandise
3/30/26,3/30/26,WDWHOLLYWOODPOPCORN LAKE BUENA VIFLWALT DISNEY PARKS AND RESORTS R1141645,2.65,Restaurants
3/31/26,3/31/26,WDW - SWAN RESORT JAVA 4079344000 FLAPPLE PAY ENDING IN 2373,49.33,Travel/ Entertainment
3/31/26,3/31/26,WDW BOARDWALK LAKE BUENA VIFLWALT DISNEY PARKS AND RESORTS R1146069,20.84,Restaurants
3/31/26,3/31/26,WDW EMPORIUM LAKE BUENA VIFLWALT DISNEY PARKS AND RESORTS R1142185,172.49,Merchandise
3/31/26,3/31/26,WDW GASTON'S TAVERN LAKE BUENA VIFLAPPLE PAY ENDING IN 3896WALT DISNEY PARKS AND RESORTS R1144694,18.4,Restaurants
3/31/26,3/31/26,WDW JUNGLE SKIPPER LAKE BUENA VIFLWALT DISNEY PARKS AND RESORTS R1145935,122.69,Restaurants
3/31/26,3/31/26,WDW MAIN STREET LAKE BUENA VIFLAPPLE PAY ENDING IN 3896WALT DISNEY PARKS AND RESORTS R1142164,23.72,Merchandise
3/31/26,3/31/26,WDW POPCORN CARTS LAKE BUENA VIFLWALT DISNEY PARKS AND RESORTS R1142085,2.65,Restaurants
4/1/26,4/1/26,L'ARTISIAN DES GLACES LAKE BUENA VIFL,8.47,Restaurants
4/1/26,4/1/26,L'ARTISIAN DES GLACES LAKE BUENA VIFL,28.6,Restaurants
4/1/26,4/1/26,MEXICO PAVILION EPCOT QP ORLANDO FL,38.88,Restaurants
4/1/26,4/1/26,WDW CALYPSO TRADING LAKE BUENA VIFLAPPLE PAY ENDING IN 3896WALT DISNEY PARKS AND RESORTS R1140439,28.71,Merchandise
4/1/26,4/1/26,WDW GARDEN GATE LAKE BUENA VIFLAPPLE PAY ENDING IN 3896WALT DISNEY PARKS AND RESORTS R1141583,37.26,Merchandise
4/1/26,4/1/26,WDW HONEY BEE-STRO LAKE BUENA VIFLAPPLE PAY ENDING IN 3896WALT DISNEY PARKS AND RESORTS R1145104,24.77,Restaurants
4/1/26,4/1/26,WDW POPCORN CART LAKE BUENA VIFLWALT DISNEY PARKS AND RESORTS R1141845,2.97,Restaurants
4/1/26,4/1/26,WDW TRATTORIA LAKE BUENA VIFLWALT DISNEY PARKS AND RESORTS R1140118,62.32,Restaurants
4/1/26,4/1/26,WDW TROWEL&TRELLIS LAKE BUENA VIFLWALT DISNEY PARKS AND RESORTS R1146766,6.38,Restaurants
4/2/26,4/2/26,FRANCE FOOD FESTIVAL LAKE BUENA VIFLAPPLE PAY ENDING IN 3896,17.26,Restaurants
4/2/26,4/2/26,LOTUS BLOSSOM CAFE C FL,18.59,Restaurants
4/2/26,4/2/26,MEXICO PAVILION EPCOT QP ORLANDO FLAPPLE PAY ENDING IN 3896,33.5,Restaurants
4/2/26,4/2/26,MILTOWN EATS LLC 4144349799 WIAPPLE PAY ENDING IN 2373,50,Supermarkets
4/2/26,4/2/26,NEWS & GIFTS ST2848 ORLANDO FL,10.59,Merchandise
4/2/26,4/2/26,TUTTO ITALIA LAKE BUENA VIFLAPPLE PAY ENDING IN 389600264P,5.86,Restaurants
4/2/26,4/2/26,WALT DISNEY W SWAN LAKE BUENA VIFL00237P,84.81,Travel/ Entertainment
4/2/26,4/2/26,WDW IMAGEWORKS LAKE BUENA VIFLAPPLE PAY ENDING IN 3896WALT DISNEY PARKS AND RESORTS R1141877,56.96,Merchandise
4/2/26,4/2/26,WDW NORTHERN BLOOM LAKE BUENA VIFLAPPLE PAY ENDING IN 3896WALT DISNEY PARKS AND RESORTS R1146767,8.3,Restaurants
4/2/26,4/2/26,WDW ODYSSEYPAVILION LAKE BUENA VIFLWALT DISNEY PARKS AND RESORTS R1146769,8.3,Restaurants
4/2/26,4/2/26,WDW POPCORN CART LAKE BUENA VIFLWALT DISNEY PARKS AND RESORTS R1141845,14.69,Restaurants
4/2/26,4/2/26,WDWPLAZADELOSAMIGOS LAKE BUENA VIFLAPPLE PAY ENDING IN 3896WALT DISNEY PARKS AND RESORTS R1141956,39.39,Merchandise
4/3/26,4/3/26,CENTRAL BARK-BROOKFIELD 262-781-5554 WI,21.02,Services
4/3/26,4/3/26,METCALFE'S MARKET WAUWATOSA WIAPPLE PAY ENDING IN 3896,7.59,Supermarkets
4/3/26,4/3/26,METCALFE'S MARKET WAUWATOSA WIAPPLE PAY ENDING IN 3896,82.7,Supermarkets
4/3/26,4/3/26,MKE SMARTPARK MILWAUKEE WI,144,Services
4/3/26,4/3/26,POCO PIZZA 888-221-1161 WI,139.5,Supermarkets
4/3/26,4/3/26,PX* GILLES FROZEN CUST 8889983286 MA,53.7,Restaurants
4/4/26,4/4/26,SP CREAM CITY SOAP 4143227690 WI,79.99,Merchandise
4/4/26,4/4/26,TST*MISS MOLLYS CAFE & 414-249-5665 WIAPPLE PAY ENDING IN 237300037390031188077820AA,14.33,Restaurants
4/5/26,4/5/26,CHEWY.COM 800-672-4399 FLAPPLE PAY ENDING IN 3896PMT-VKLQ6CXJHI,59.67,Merchandise
4/5/26,4/5/26,TOCK AT*CALUCCHENZO 212-640-0400 ILAPPLE PAY ENDING IN 2373,41,Restaurants
4/6/26,4/6/26,CENTRAL BARK-BROOKFIELD 262-781-5554 WI,42.04,Services
4/7/26,4/7/26,365 MARKET J 888 432-329 TROY MI,1.35,Restaurants
4/7/26,4/7/26,5-365 FOOD SERVICE TROY MI,4.75,Restaurants
4/7/26,4/7/26,CENTRAL BARK-BROOKFIELD 262-781-5554 WI,10.51,Services
4/8/26,4/8/26,5-365 FOOD SERVICE TROY MI,2.43,Restaurants
4/8/26,4/8/26,NOODLES AND COMPANY 2122600895 COAPPLE PAY ENDING IN 2373,33.46,Restaurants
4/8/26,4/8/26,SALON MARIE LLC HALES CORNERSWI,34,Services
4/9/26,4/9/26,5-365 FOOD SERVICE TROY MI,3.34,Restaurants
4/9/26,4/9/26,LEGACY GYM MKE 262-989-6696 WI,95,Travel/ Entertainment
4/9/26,4/9/26,MILTOWN EATS LLC 4144349799 WIAPPLE PAY ENDING IN 2373,50,Supermarkets
4/9/26,4/9/26,SQ *VALENTINE COFFEE C MILWAUKEE WI0002305843024107270627,8.86,Restaurants
4/10/26,4/10/26,5-365 FOOD SERVICE TROY MI,3.57,Restaurants
4/10/26,4/10/26,TST*FLOUR GIRL AND FLA WEST ALLIS WI00019136031297530004AA,75.14,Travel/ Entertainment
4/10/26,4/10/26,TST*YO MAMA - WAUWATOS WAUWATOSA WI00042815031298638285AA,12.12,Restaurants
4/11/26,4/11/26,5-365 FOOD SERVICE TROY MI,5.18,Restaurants
4/11/26,4/11/26,KETTLE RANGE MEATS MILWAUKEE WIAPPLE PAY ENDING IN 3896,61.02,Merchandise
4/11/26,4/11/26,LS RUCKUS & GLEE WAUWATOSA WI,61.44,Merchandise
4/11/26,4/11/26,METCALFE'S MARKET WAUWATOSA WIAPPLE PAY ENDING IN 3896,103.08,Supermarkets
4/11/26,4/11/26,SQ *VALENTINE COFFEE C MILWAUKEE WI0002305843024123980196,42.08,Restaurants
4/11/26,4/11/26,"WITHER & TYNES, LLC 6123602123 MNAPPLE PAY ENDING IN 2373",145,Services
4/12/26,4/12/26,SP DRINK ZYN 8663765996 WIAPPLE PAY ENDING IN 3896,44.99,Supermarkets
4/13/26,4/13/26,365 MARKET J 888 432-329 TROY MI,2,Restaurants
4/13/26,4/13/26,CENTRAL BARK-BROOKFIELD 262-781-5554 WI,42.04,Services
4/13/26,4/13/26,HULU 888-439-4858 CAHULU,1.06,Services
4/14/26,4/14/26,365 MARKET K 888 432-329 TROY MI,0.86,Restaurants
4/14/26,4/14/26,5-365 FOOD SERVICE TROY MI,4,Restaurants
4/15/26,4/15/26,LEGACY GYM MKE 262-989-6696 WI,95,Travel/ Entertainment
4/16/26,4/16/26,5-365 FOOD SERVICE TROY MI,6.23,Restaurants
4/16/26,4/16/26,DINING TROY MI,2.6,Restaurants
4/16/26,4/16/26,SALON MARIE LLC HALES CORNERSWI,125,Services
4/16/26,4/16/26,SQ *BLACK TWIG BAKERY WAUWATOSA WIAPPLE PAY ENDING IN 38960001152921516924215242,22.54,Merchandise
4/16/26,4/16/26,SQ *VALENTINE COFFEE C MILWAUKEE WIAPPLE PAY ENDING IN 38960002305843024152360122,14.12,Restaurants
4/17/26,4/19/26,BID2-MILWAUKEE STREET PA MILWAUKEE WI,6,Services
4/17/26,4/19/26,DINING TROY MI,3.26,Restaurants
4/17/26,4/19/26,DINING TROY MI,5,Restaurants
4/18/26,4/19/26,CHICK-FIL-A #03252 2623730609 WI,32.11,Restaurants
4/18/26,4/19/26,NOODLES AND COMPANY BROOMFIELD CO,51.29,Restaurants
4/18/26,4/19/26,ONLINE PASSPORT FEES CHARLESTON SC,130,Government Services
4/18/26,4/19/26,ONLINE PASSPORT FEES CHARLESTON SC,130,Government Services
4/18/26,4/19/26,SQ *HIGHLANDS HONEY GOSQ.COM WIAPPLE PAY ENDING IN 38960002305843024169815776,26,Supermarkets
4/18/26,4/19/26,SQ *HOT4LAX LACROSSE BROOKFIELD WI0002305843024174203814,26.24,Travel/ Entertainment
4/19/26,4/19/26,ACT*CLUB SCIKIDZ LLC 8006634991 TX,619.5,Travel/ Entertainment
4/19/26,4/19/26,CULVERS OF BROWN DEER BROWN DEER WI,29.97,Restaurants
4/19/26,4/19/26,MICROSOFT#G153686801 MSBILL.INFO WA,13.91,Merchandise
4/19/26,4/19/26,TST*MIDTOWN GRILL 414-837-6400 WIAPPLE PAY ENDING IN 237300039277031445400099AA,52.21,Restaurants
4/20/26,4/20/26,365 MARKET J 888 432-329 TROY MI,3,Restaurants
4/20/26,4/20/26,CENTRAL BARK - BROOK 3239687848 WI,42.04,Services
4/20/26,4/20/26,DICKS SPORTING GOODS WAUWATOSA TN,74.14,Merchandise
4/20/26,4/20/26,GSWISE 800-5654475 WI,163,Services
4/20/26,4/20/26,LS RENEW SPORTS AND FI WEST ALLIS WI,31.76,Merchandise
4/20/26,4/20/26,ONEQUINCE* Q24970054 9136752981 CAAPPLE PAY ENDING IN 2373,148.26,Merchandise
4/20/26,4/20/26,"WITHER & TYNES, LLC 6123602123 MNAPPLE PAY ENDING IN 2373",145,Services
4/21/26,4/21/26,365 MARKET J 888 432-329 TROY MI,2,Restaurants
4/21/26,4/21/26,CENTRAL BARK - BROOK 3239687848 WI,10.51,Services
4/21/26,4/21/26,PAYMENT - THANK YOU,"-6,000",Payments and Credits
4/22/26,4/22/26,5-365 FOOD SERVICE TROY MI,2.57,Restaurants
4/22/26,4/22/26,NOODLES AND COMPANY 2122600895 COAPPLE PAY ENDING IN 2373,28.3,Restaurants
4/22/26,4/22/26,SP TRILLIUMHERBALCO 9203330111 WI,49.7,Merchandise
4/22/26,4/22/26,SPECTRUM 855-707-7328 MORC1665980096,110,Services
4/22/26,4/22/26,VIP PHOTO - VIPIS.COM 262-375-4457 WI,14.83,Services
4/23/26,4/23/26,492028TOPPIZTOSA 4142574002 WI,25.68,Restaurants
4/23/26,4/23/26,METCALFE'S MARKET WAUWATOSA WI,34,Supermarkets
4/23/26,4/23/26,MILTOWN EATS LLC 4144349799 WIAPPLE PAY ENDING IN 2373,50,Supermarkets
4/23/26,4/23/26,PAYPAL *SHEETMUSICP 888-221-1161 CA,5.99,Merchandise
4/23/26,4/23/26,SQ *VALENTINE COFFEE C MILWAUKEE WIAPPLE PAY ENDING IN 38960002305843024204815092,6.42,Restaurants
4/24/26,4/24/26,CAFE ZUPAS-MENOMONEE MENOMONEE FALWIAPPLE PAY ENDING IN 3896,53.65,Restaurants
4/24/26,4/24/26,PLAY IT AGAIN SPORTS 111 BROOKFIELD WI,31.49,Merchandise
4/24/26,4/24/26,REI #60 BROOKFIELD BROOKFIELD WI02408P,12.42,Merchandise
4/25/26,4/25/26,5-365 FOOD SERVICE TROY MI,2.33,Restaurants
4/25/26,4/25/26,RAISING CANES 0948 BROOKFIELD WI02521P,20.77,Restaurants
4/25/26,4/25/26,REI.COM 800-426-4840 800-426-4840 WAAPPLE PAY ENDING IN 2373A397958114,84,Merchandise
4/25/26,4/25/26,SENDIK'S WAUWATOSA WAUWATOSA WIAPPLE PAY ENDING IN 3896,63.35,Supermarkets
4/25/26,4/25/26,SQ *VALENTINE COFFEE C MILWAUKEE WIAPPLE PAY ENDING IN 38960002305843024223875228,18.77,Restaurants
4/26/26,4/26/26,CENTRAL BARK - BROOK 3239687848 WI,42.04,Services
4/26/26,4/26/26,DICKSSPORTINGGOODS.COM 0000000000 PAAPPLE PAY ENDING IN 2373,79.41,Merchandise
4/26/26,4/26/26,KOPP'S CUSTARD GLENDALE GLENDALE WI,31.85,Restaurants
4/26/26,4/26/26,KOPP'S CUSTARD GLENDALE GLENDALE WI,62.97,Restaurants
4/26/26,4/26/26,TST*MIDTOWN GRILL 414-837-6400 WIAPPLE PAY ENDING IN 237300039277031582359844AA,62.3,Restaurants
4/27/26,4/27/26,365 MARKET J 888 432-329 TROY MI,3,Restaurants
4/27/26,4/27/26,365 MARKET K 888 432-329 TROY MI,1.9,Restaurants
4/28/26,4/28/26,365 MARKET J 888 432-329 TROY MI,1.35,Restaurants
4/28/26,4/28/26,365 MARKET J 888 432-329 TROY MI,3,Restaurants
4/28/26,4/28/26,365 MARKET K 888 432-329 TROY MI,0.95,Restaurants
4/28/26,4/28/26,365 MARKET K 888 432-329 TROY MI,1,Restaurants
4/28/26,4/28/26,CENTRAL BARK - BROOK 3239687848 WI,10.51,Services
4/28/26,4/28/26,FROEDTERT PHARMACY 175 WAUWATOSA WI,10,Merchandise
4/28/26,4/28/26,SP THRIVECAUSEMETICS 8888044318 WA,117.57,Merchandise
4/29/26,4/29/26,365 MARKET K 888 432-329 TROY MI,0.86,Restaurants
4/29/26,4/29/26,METCALFE'S MARKET WAUWATOSA WIAPPLE PAY ENDING IN 3896,31.66,Supermarkets
4/29/26,4/29/26,NOODLES AND COMPANY 2122600895 COAPPLE PAY ENDING IN 2373,35.06,Restaurants
4/29/26,4/29/26,QUALITY HEATING SHEET ME BROOKFIELD WI,194.79,Services
4/30/26,4/30/26,5-365 FOOD SERVICE TROY MI,3.7,Restaurants
4/30/26,4/30/26,LULULEMONCOM* 877-263-9300 CAAPPLE PAY ENDING IN 237398027981IO18W8PA,72.01,Merchandise
4/30/26,4/30/26,MILTOWN EATS LLC 4144349799 WIAPPLE PAY ENDING IN 2373,50,Supermarkets
5/1/26,5/1/26,5-365 FOOD SERVICE TROY MI,4.56,Restaurants
5/1/26,5/1/26,"GIGI'S PLAYHOUSE, INC. 847-885-7529 IL",94.64,Services
5/1/26,5/1/26,TST*MISS MOLLYS CAFE & 414-249-5665 WIAPPLE PAY ENDING IN 237300037390031695064316AA,17.5,Restaurants
5/1/26,5/1/26,TST*YO MAMA - WAUWATOS WAUWATOSA WI00042815031705471146AA,14.47,Restaurants
5/2/26,5/2/26,5-365 FOOD SERVICE TROY MI,2.37,Restaurants
5/2/26,5/2/26,COLLECTORS EDGE COMICS MILWAUKEE WI,27.99,Merchandise
5/2/26,5/2/26,KOWABUNGA COMICS OCONOMOWOC WI,26.96,Merchandise
5/2/26,5/2/26,TST* LUCKY JOES WAUWATOSA WI,77.21,Restaurants
5/3/26,5/3/26,CENTRAL BARK - BROOK 3239687848 WI,42.04,Services
5/3/26,5/3/26,DAIRY QUEEN #42155 BROOKFIELD WI,7.34,Restaurants
5/3/26,5/3/26,QDOBA 2353 WAUKESHA WI00372P,21.74,Restaurants
5/5/26,5/5/26,5-365 FOOD SERVICE TROY MI,4.28,Restaurants
5/5/26,5/5/26,CENTRAL BARK - BROOK 3239687848 WI,26.28,Services
5/5/26,5/5/26,RAY'S WINE AND SPIRITS WAUWATOSA WIAPPLE PAY ENDING IN 3896,30.69,Merchandise
5/5/26,5/5/26,TST*YO MAMA - WAUWATOS WAUWATOSA WI00042815031788800911AA,14.68,Restaurants
5/5/26,5/5/26,"WITHER & TYNES, LLC 6123602123 MNAPPLE PAY ENDING IN 2373",145,Services
5/6/26,5/6/26,5-365 FOOD SERVICE TROY MI,2.64,Restaurants
5/6/26,5/6/26,NOODLES AND COMPANY 2122600895 COAPPLE PAY ENDING IN 2373,33.89,Restaurants
5/7/26,5/7/26,5-365 FOOD SERVICE TROY MI,4.79,Restaurants
5/7/26,5/7/26,MILTOWN EATS LLC 4144349799 WIAPPLE PAY ENDING IN 2373,50,Supermarkets
5/7/26,5/7/26,SP TOSA WELLNESS SPA WAUWATOSA WI,402,Merchandise
5/7/26,5/7/26,SQ *BLACK TWIG BAKERY WAUWATOSA WIAPPLE PAY ENDING IN 38960001152921517008814427,18.23,Merchandise
5/8/26,5/8/26,5-365 FOOD SERVICE TROY MI,2.55,Restaurants
5/8/26,5/8/26,METCALFE'S MARKET WAUWATOSA WIAPPLE PAY ENDING IN 3896,142.45,Supermarkets
5/8/26,5/8/26,THE ROSEBUD CINEMA DRAFT WAUWATOSA WI,16.1,Travel/ Entertainment
5/9/26,5/9/26,5-365 FOOD SERVICE TROY MI,4,Restaurants
5/9/26,5/9/26,KOPP'S CUSTARD LAYTON GREENFIELD WI,12,Restaurants
5/9/26,5/9/26,LEGACY GYM MKE 262-989-6696 WI,95,Travel/ Entertainment
5/9/26,5/9/26,SQ *COLECTIVO GOSQ.COM WIAPPLE PAY ENDING IN 23730002305843024332771186,36.6,Restaurants
5/9/26,5/9/26,SQSP* DOMAIN#233892096 6465803456 NY,14,Services
5/9/26,5/9/26,TST*THE SLOW BUFFALO MILWAUKEE WI00204953031872652587AA,69.31,Restaurants
5/10/26,5/10/26,CENTRAL BARK - BROOK 3239687848 WI,42.04,Services
5/10/26,5/10/26,TST*BLUES EGG 414-299-3180 WI00091966031859470840AA,103.17,Restaurants
5/11/26,5/11/26,APPLE.COM/BILL 866-712-7753 CAMVS2W1149XA0,84.71,Merchandise
5/11/26,5/11/26,LEGO MAYFAIR WAUWATOSA WIAPPLE PAY ENDING IN 3896,27.51,Merchandise
5/11/26,5/11/26,"LOWE'S OF WAUWATOSA, WI WAUWATOSA WI",16.92,Home Improvement
5/12/26,5/12/26,5-365 FOOD SERVICE TROY MI,2.38,Restaurants
5/12/26,5/12/26,CENTRAL BARK - BROOK 3239687848 WI,10.51,Services
5/13/26,5/13/26,5-365 FOOD SERVICE TROY MI,2.48,Restaurants
5/13/26,5/13/26,HULU 8778244858 CA,1.06,Services
5/13/26,5/13/26,MED*FROEDTERT HEALTH I 800-803-8155 WIAPPLE PAY ENDING IN 3896578846527,28.13,Medical Services
5/13/26,5/13/26,NOODLES AND COMPANY 2122600895 COAPPLE PAY ENDING IN 2373,39.47,Restaurants
5/13/26,5/13/26,SALON MARIE LLC HALES CORNERSWI,34,Services
5/13/26,5/13/26,TOSA DENTAL LLC WAUWATOSA WI,91,Medical Services
5/14/26,5/14/26,5-365 FOOD SERVICE TROY MI,4.58,Restaurants
5/15/26,5/15/26,5-365 FOOD SERVICE TROY MI,4.01,Restaurants
5/15/26,5/15/26,LEGACY GYM MKE 262-989-6696 WI,95,Travel/ Entertainment
5/15/26,5/15/26,METCALFE'S MARKET WAUWATOSA WIAPPLE PAY ENDING IN 3896,71.3,Supermarkets
5/15/26,5/15/26,PX* GILLES FROZEN CUST 8889983286 MA,43.42,Restaurants
5/16/26,5/16/26,5-365 FOOD SERVICE TROY MI,2.4,Restaurants
5/16/26,5/16/26,SQ *VALENTINE COFFEE C MILWAUKEE WIAPPLE PAY ENDING IN 38960002305843024364689239,24.65,Restaurants
5/17/26,5/17/26,APPLE.COM/BILL 866-712-7753 CAMKS0BH6Y3XA0,31.17,Merchandise
5/17/26,5/17/26,CENTRAL BARK - BROOK 3239687848 WI,42.04,Services
5/17/26,5/17/26,PAYPAL *VITACOSTCOM 888-221-1161 CA,57.12,Supermarkets
5/17/26,5/17/26,SP NOURISH NATURAL P BAYSIDE WI,65.66,Merchandise
5/17/26,5/17/26,SQ *BIG WHITE YETI MILWAUKEE WI0002305843024380219304,64.74,Supermarkets
5/18/26,5/18/26,APPLE.COM/US 800-676-2775 CAAPPLE PAY ENDING IN 3896W1838252817A1,166.64,Merchandise
5/18/26,5/19/26,365 MARKET K 888 432-329 TROY MI,0.86,Restaurants
5/19/26,5/19/26,365 MARKET K 888 432-329 TROY MI,1.4,Restaurants
5/19/26,5/19/26,5-365 FOOD SERVICE TROY MI,3.32,Restaurants
5/19/26,5/19/26,CENTRAL BARK - BROOK 3239687848 WI,10.51,Services
5/19/26,5/19/26,MICROSOFT-G159719324 REDMOND WA,13.91,Merchandise
5/19/26,5/19/26,SQ *VALENTINE COFFEE C MILWAUKEE WIAPPLE PAY ENDING IN 38960002305843024391357008,6.42,Restaurants
5/20/26,5/20/26,5-365 FOOD SERVICE TROY MI,4.3,Restaurants
5/20/26,5/20/26,NOODLES AND COMPANY BROOMFIELD CO,27.24,Restaurants
5/20/26,5/20/26,SENDIK'S WAUWATOSA WAUWATOSA WIAPPLE PAY ENDING IN 3896,7.98,Supermarkets
5/20/26,5/20/26,TST*JOY ICE CREAM SOCI WAUWATOSA WI00229365032085412997AA,10.82,Merchandise
5/20/26,5/20/26,TST*JOY ICE CREAM SOCI WAUWATOSA WI00229365032085320226AA,18.01,Merchandise
5/21/26,5/21/26,5-365 FOOD SERVICE TROY MI,3.57,Restaurants
5/21/26,5/21/26,AMAZON MKTPL*R18W07Z03 AMZN.COM/BILLWA1CRBLOEJWGN,14.02,Merchandise
5/21/26,5/21/26,KETTLE RANGE MEATS MILWAUKEE WI,17.7,Merchandise
5/21/26,5/21/26,PAYMENT - THANK YOU,"-4,691.72",Payments and Credits
5/21/26,5/21/26,SENDIK'S WAUWATOSA WAUWATOSA WI,14,Supermarkets
5/22/26,5/22/26,5-365 FOOD SERVICE TROY MI,5.48,Restaurants
5/22/26,5/22/26,AMAZON MKTPL*4I6MH4OR3 AMZN.COM/BILLWA4KAONN0Y79F,13.95,Merchandise
5/22/26,5/22/26,BOSWELL BOOK COMPANY MILWAUKEE WI,27.99,Merchandise
5/22/26,5/22/26,MARCUS NORTH SHORE F^B MEQUON WI,25.53,Restaurants
5/22/26,5/22/26,SHADY LANE GREENHOUSES MENOMONEE FALWI,237.83,Merchandise
5/22/26,5/22/26,SOMMER'S INC. MEQUON WI6145723,61.24,Automotive
5/22/26,5/22/26,SP TRUE GRACE HEALTH 2164064208 WI,53.22,Supermarkets
5/22/26,5/22/26,SPECTRUM 855-707-7328 MORC1763848009,110,Services
5/22/26,5/22/26,TST*MISS MOLLYS CAFE & 414-249-5665 WIAPPLE PAY ENDING IN 237300037390032115121703AA,15.13,Restaurants
5/23/26,5/23/26,KETTLE RANGE MEATS MILWAUKEE WI,70.26,Merchandise
5/23/26,5/23/26,"LOWE'S OF WAUWATOSA, WI WAUWATOSA WI",21.9,Home Improvement
5/23/26,5/23/26,LOWES.COM 800-445-6937 NCAPPLE PAY ENDING IN 2373,137.46,Home Improvement
5/23/26,5/23/26,OUTPOST NATURAL FOODS CO WAUWATOSA WI,43.9,Supermarkets
5/23/26,5/23/26,SQ *VALENTINE COFFEE C MILWAUKEE WI0002305843024421874775,19.56,Restaurants
5/23/26,5/23/26,TST* CAFE HOLLANDER - ME MEQUON WI,89.16,Restaurants
5/23/26,5/23/26,TST*MISS MOLLYS CAFE & 414-249-5665 WIAPPLE PAY ENDING IN 237300037390032137863745AA,15.32,Restaurants
5/23/26,5/23/26,WAUWATOSA ACE HARDWARE WAUWATOSA WI,65.59,Home Improvement
5/24/26,5/24/26,CENTRAL BARK - BROOK 3239687848 WI,42.04,Services
5/24/26,5/24/26,SENDIK'S WAUWATOSA WAUWATOSA WIAPPLE PAY ENDING IN 3896,28.31,Supermarkets
5/24/26,5/24/26,SQ *HAPPY BUDDHA BOUTI WAUWATOSA WI0002305843024434914213,177.57,Supermarkets
5/25/26,5/25/26,AMAZON MKTPL*AY3Q13RK3 AMZN.COM/BILLWA2YXHR3D5CTI,58.44,Merchandise
5/25/26,5/25/26,WI DNR PARKS E 888-936-7463 WIAPPLE PAY ENDING IN 2373,46.27,Government Services
5/26/26,5/26/26,CENTRAL BARK - BROOK 3239687848 WI,10.51,Services
5/27/26,5/27/26,365 MARKET K 888 432-329 TROY MI,0.86,Restaurants
5/27/26,5/27/26,5-365 FOOD SERVICE TROY MI,5.08,Restaurants
5/27/26,5/27/26,NOODLES AND COMPANY 2122600895 COAPPLE PAY ENDING IN 2373,35.06,Restaurants
5/28/26,5/28/26,5-365 FOOD SERVICE TROY MI,4.32,Restaurants
5/28/26,5/28/26,ATHLETA.COM 800-427-7895 CA1QNH55G,0.64,Merchandise
5/28/26,5/28/26,HEIRLOOM MKE MILWAUKEE WI,67.14,Supermarkets
5/28/26,5/28/26,MILTOWN EATS LLC 4144349799 WIAPPLE PAY ENDING IN 2373,50,Supermarkets
5/29/26,5/29/26,5-365 FOOD SERVICE TROY MI,2.69,Restaurants
5/29/26,5/29/26,DICKS SPORTING GOODS WAUWATOSA TN,31.78,Merchandise
5/29/26,5/29/26,DSW29080 MAYFAIR COLL WAUWATOSA WI,42.35,Merchandise
5/29/26,5/29/26,FROEDTERT PHARMACY 175 WAUWATOSA WI,10,Merchandise
5/29/26,5/29/26,SQ *THIRD SPACE INNOVA MENOMONEE FALWI0002305843024469156226,20.91,Restaurants
5/30/26,5/30/26,KOPP'S CUSTARD GLENDALE GLENDALE WI,15.99,Restaurants
5/30/26,5/30/26,LEGACY GYM MKE 262-989-6696 WI,15,Travel/ Entertainment
5/30/26,5/30/26,NOODLES AND COMPANY 2122600895 COAPPLE PAY ENDING IN 2373,33.33,Restaurants
5/31/26,5/31/26,BOSWELL BOOK COMPANY MILWAUKEE WI,55.38,Merchandise
5/31/26,5/31/26,CENTRAL BARK - BROOK 3239687848 WI,42.04,Services
5/31/26,5/31/26,LS BENTLEYS PET STUFF WAUWATOSA WI,83.64,Merchandise
5/31/26,5/31/26,SQ *MILWAUKEE KICKERS MILWAUKEE WI0002305843024490115513,29.9,Restaurants
6/2/26,6/2/26,5-365 FOOD SERVICE TROY MI,4.51,Restaurants
6/2/26,6/2/26,CENTRAL BARK - BROOK 3239687848 WI,10.51,Services
6/2/26,6/2/26,SQ *MILWAUKEE ELECTRIC BROOKFIELD WI0002305843024505573274,134.92,Home Improvement
6/3/26,6/3/26,365 MARKET K 888 432-329 TROY MI,0.86,Restaurants
6/3/26,6/3/26,5-365 FOOD SERVICE TROY MI,3.89,Restaurants
6/3/26,6/3/26,NOODLES AND COMPANY 2122600895 COAPPLE PAY ENDING IN 2373,33.14,Restaurants
6/4/26,6/4/26,MILTOWN EATS LLC 4144349799 WIAPPLE PAY ENDING IN 2373,50,Supermarkets
6/5/26,6/5/26,5-365 FOOD SERVICE TROY MI,3.94,Restaurants
6/5/26,6/5/26,DSW INC. 614-237-7100 OHAPPLE PAY ENDING IN 2373,42.35,Merchandise
6/5/26,6/5/26,LS RUCKUS & GLEE WAUWATOSA WI,42.33,Merchandise
6/5/26,6/5/26,METCALFE'S MARKET WAUWATOSA WI,89.96,Supermarkets
6/5/26,6/5/26,RF *CROSSWAYS CAMPIN 920-882-0023 WI,610,Services
6/5/26,6/5/26,TM * JULIET TOURING 800-653-8000 CAAPPLE PAY ENDING IN 2373CH5/59-53827,290.56,Travel/ Entertainment
6/5/26,6/5/26,TST*CRANKY ALS WAUWATOSA WI00020123032392285093AA,19.9,Restaurants
6/5/26,6/5/26,TST*LIONS TAIL BREWING WAUWATOSA WI00099553032405835353AA,16.92,Restaurants
6/6/26,6/6/26,492028TOPPIZTOSA 4142574002 WI,55.03,Restaurants
6/6/26,6/6/26,FRIENDS OF HOYT PARK & P WAUWATOSA WI,310,Government Services
6/6/26,6/6/26,SENDIK'S WAUWATOSA WAUWATOSA WI,6,Supermarkets
6/7/26,6/7/26,CENTRAL BARK - BROOK 3239687848 WI,42.04,Services
6/7/26,6/7/26,MICHAELS STORES 6709 BROOKFIELD WI6709005461062606071127,36.24,Merchandise
6/7/26,6/7/26,TST*JOY ICE CREAM SOCI WAUWATOSA WI00229365032466605933AA,6.09,Merchandise
6/7/26,6/7/26,TST*JOY ICE CREAM SOCI WAUWATOSA WI00229365032466605134AA,14.26,Merchandise
6/8/26,6/8/26,365 MARKET J 888 432-329 TROY MI,3,Restaurants
6/8/26,6/8/26,365 MARKET K 888 432-329 TROY MI,1,Restaurants
6/8/26,6/8/26,KETTLE RANGE MEATS ELM GROVE WI,33.07,Merchandise
6/9/26,6/9/26,CENTRAL BARK - BROOK 3239687848 WI,10.51,Services
6/9/26,6/9/26,LEGACY GYM MKE 262-989-6696 WI,95,Travel/ Entertainment
6/9/26,6/9/26,THE HOME DEPOT #4923 WAUWATOSA WI,63.43,Home Improvement
6/10/26,6/10/26,KETTLE RANGE MEATS MILWAUKEE WI,9.26,Merchandise
6/10/26,6/10/26,NOODLES AND COMPANY 2122600895 COAPPLE PAY ENDING IN 2373,26.71,Restaurants
6/10/26,6/10/26,"PY *WRITE ON, DOOR COUNT FISH CREEK WIAPPLE PAY ENDING IN 3896",45,Services
6/11/26,6/11/26,5-365 FOOD SERVICE TROY MI,5.27,Restaurants
6/11/26,6/11/26,SALON MARIE LLC HALES CORNERSWI,34,Services
6/12/26,6/12/26,5-365 FOOD SERVICE TROY MI,2.54,Restaurants
6/12/26,6/12/26,DINING TROY MI,4.24,Restaurants
6/12/26,6/12/26,SQ *MARCUS PERFORMING MILWAUKEE WI0002305843024592920656,23.58,Restaurants
6/13/26,6/13/26,HULU 8778244858 CA,1.06,Services
6/14/26,6/14/26,CENTRAL BARK - BROOK 3239687848 WI,42.04,Services
6/14/26,6/14/26,CULVERS MANITOWOC MANITOWOC WI,26.13,Restaurants
6/14/26,6/14/26,PPY*JULIES PARK CAFE AND FISH CREEK WI,"1,010.18",Travel/ Entertainment
6/14/26,6/14/26,SQ *TWELVE ELEVEN WINE SISTER BAY WI0002305843024613536972,20.48,Restaurants
6/15/26,6/15/26,LEGACY GYM MKE 262-989-6696 WI,95,Travel/ Entertainment
6/15/26,6/15/26,"SPARTAN RACE, INC. 5084330041 MA",69.4,Travel/ Entertainment
6/16/26,6/16/26,PPY*JULIES PARK CAFE AND 3213031760 WI,192.95,Travel/ Entertainment
6/16/26,6/16/26,SP SPOT SISTER BAY WI,78.08,Merchandise
6/16/26,6/16/26,SQ *BE BEAUTY EGG HARBOR WI0002305843024624110891,221.23,Merchandise
6/17/26,6/17/26,SP AU NATURALE LLC 9202656883 WI,22.53,Merchandise